<?xml version="1.0" encoding="UTF-8"?>
<!DOCTYPE SAM_RULE>
<SAM_RULE version="1.4">
    <Tools>
        <Tokenizer value="C:\Program Files (x86)\Teragram\SAM\data\english\en-liti.utf8.tkzo"/>
        <TempFilePrefix value="E:\jiawen\Classwork\analytics\BOOK\CaseStudy_SM\WorkShop\tmp"/>
        <SentTokenizer value="C:\Program Files (x86)\Teragram\SAM\data\english\en.utf8.stkzo"/>
        <POStagger value="C:\Program Files (x86)\Teragram\SAM\data\english\en.utf8.simple.htagger"/>
        <CaseMapping value="C:\Program Files (x86)\Teragram\SAM\data\case_mapping.bin"/>
        <Tlp value="C:\Program Files (x86)\Teragram\SAM\data\english\en.utf8.tlp"/>
        <TagsEx value="C:\Program Files (x86)\Teragram\SAM\data\english\english-utf8.tags_to_expand"/>
        <XMLSupport enabled="1"/>
        <DefaultXMLFields value=""/>
        <XMLTagsToIgnore value=""/>
        <ParaSep value=""/>
    </Tools>
    <Polarity>
        <Positive>
            <rule type="4" weight="1.5" body="(DIST_3, &quot;_a{_def{ADV}}&quot;,&quot;_b{_def{POSADJ1}}&quot;)"/>
        </Positive>
        <Negative>
            <rule type="1" weight="1" body="_def{NEGWORD}"/>
            <rule type="4" weight="1.5" body="(DIST_2, &quot;_a{_def{ADV}}&quot;,&quot;_b{_def{NEGADJ1}}&quot;)"/>
            <rule type="4" weight="2.5" body="(DIST_2, &quot;_a{_def{ADV}}&quot;,&quot;_b{_def{NEGADJ2}}&quot;)"/>
        </Negative>
        <Neutral/>
    </Polarity>
    <IntermediateEntities>
        <IntermediateEntity name="ADV" displayName="ADV" enable="1" parent="">
            <Definitions>
                <rule type="0" weight="1" body="very"/>
                <rule type="0" weight="1" body="really"/>
                <rule type="0" weight="1" body="always"/>
                <rule type="0" weight="1" body="continuously"/>
                <rule type="0" weight="1" body="absolutely"/>
                <rule type="0" weight="1" body="randomly"/>
                <rule type="0" weight="1" body="too"/>
                <rule type="0" weight="1" body="even"/>
                <rule type="0" weight="1" body="only"/>
                <rule type="0" weight="1" body="complete"/>
                <rule type="0" weight="1" body="completely"/>
                <rule type="0" weight="1" body="highly"/>
                <rule type="0" weight="1" body="a lot"/>
                <rule type="0" weight="1" body="so much"/>
                <rule type="0" weight="1" body="visually"/>
                <rule type="0" weight="1" body="constantly"/>
                <rule type="0" weight="1" body="constant"/>
                <rule type="0" weight="1" body="just"/>
            </Definitions>
        </IntermediateEntity>
        <IntermediateEntity name="NEGADJ1" displayName="NEGADJ1" enable="1" parent="">
            <Definitions>
                <rule type="0" weight="1" body="wrong"/>
                <rule type="0" weight="1" body="reboot"/>
                <rule type="0" weight="1" body="suck"/>
                <rule type="0" weight="1" body="ugly"/>
                <rule type="0" weight="1" body="sick"/>
                <rule type="0" weight="1" body="crap"/>
                <rule type="0" weight="1" body="childish"/>
                <rule type="0" weight="1" body="complicated"/>
                <rule type="0" weight="1" body="small"/>
                <rule type="0" weight="1" body="no longer"/>
                <rule type="0" weight="1" body="there is no"/>
                <rule type="1" weight="1" body="stick@"/>
                <rule type="0" weight="1" body="limited"/>
                <rule type="0" weight="1" body="have to"/>
                <rule type="0" weight="1" body="error"/>
                <rule type="0" weight="1" body="errors"/>
                <rule type="1" weight="1" body="drop@"/>
                <rule type="1" weight="1" body="freeze@"/>
                <rule type="1" weight="1" body="break@"/>
                <rule type="1" weight="1" body="force@ close@"/>
                <rule type="1" weight="1" body="delete@"/>
                <rule type="1" weight="1" body="uninstall@"/>
                <rule type="1" weight="1" body="annoy@"/>
                <rule type="1" weight="1" body="disappoint@"/>
                <rule type="1" weight="1" body="fail@"/>
                <rule type="1" weight="1" body="frustrate@"/>
                <rule type="1" weight="1" body="lose@"/>
                <rule type="2" weight="1" body="(SENT,&quot;_c{nothing}&quot;, &quot;change@&quot;)"/>
                <rule type="3" weight="1" body="N\w+o"/>
                <rule type="0" weight="1" body="poor"/>
                <rule type="0" weight="1" body="cheap"/>
                <rule type="0" weight="1" body="same"/>
                <rule type="0" weight="1" body="instead of"/>
                <rule type="0" weight="1" body="no longer"/>
                <rule type="2" weight="1" body="(SENT,&quot;_c{switch@}&quot;,&quot;_def{OP}&quot;)"/>
                <rule type="1" weight="1" body="drain@"/>
            </Definitions>
        </IntermediateEntity>
        <IntermediateEntity name="NEGADJ2" displayName="NEGADJ2" enable="1" parent="">
            <Definitions>
                <rule type="0" weight="2" body="useless"/>
                <rule type="4" weight="2" body="(DIST_5, &quot;_a{_def{NEGWORD}}&quot;,&quot;_b{great}&quot;)"/>
                <rule type="0" weight="2" body="horrible"/>
                <rule type="0" weight="2" body="terrible"/>
                <rule type="0" weight="2" body="horribly"/>
                <rule type="1" weight="2" body="hate@"/>
                <rule type="1" weight="2" body="waste@"/>
                <rule type="0" weight="2" body="inaccurate"/>
            </Definitions>
        </IntermediateEntity>
        <IntermediateEntity name="NEGWORD" displayName="NEGWORD" enable="1" parent="">
            <Definitions>
                <rule type="0" weight="1" body="no"/>
                <rule type="0" weight="1" body="not"/>
                <rule type="0" weight="1" body="non"/>
                <rule type="1" weight="1" body="stop@"/>
                <rule type="0" weight="1" body="won't"/>
                <rule type="0" weight="1" body="doesn't"/>
                <rule type="0" weight="1" body="can't"/>
                <rule type="0" weight="1" body="barely"/>
                <rule type="0" weight="1" body="worse"/>
                <rule type="0" weight="1" body="fail"/>
            </Definitions>
        </IntermediateEntity>
        <IntermediateEntity name="OP" displayName="OP" enable="1" parent="">
            <Definitions>
                <rule type="0" weight="1" body="competitor"/>
            </Definitions>
        </IntermediateEntity>
        <IntermediateEntity name="POSADJ1" displayName="POSADJ1" enable="1" parent="">
            <Definitions>
                <rule type="0" weight="1" body="nice"/>
                <rule type="0" weight="1" body="easy"/>
                <rule type="0" weight="1" body="Nice"/>
                <rule type="0" weight="1" body="variety"/>
                <rule type="0" weight="1" body="cool"/>
                <rule type="0" weight="1" body="smooth"/>
                <rule type="0" weight="1" body="beauty"/>
                <rule type="0" weight="1" body="worth"/>
                <rule type="0" weight="1" body="good"/>
                <rule type="0" weight="1" body="different style"/>
                <rule type="0" weight="1" body="solid"/>
                <rule type="0" weight="1" body="fine"/>
                <rule type="0" weight="1" body="appreciation"/>
                <rule type="0" weight="1" body="fun"/>
                <rule type="0" weight="1" body="clean"/>
                <rule type="0" weight="1" body="happy"/>
                <rule type="0" weight="1" body="Pretty"/>
                <rule type="0" weight="1" body="beautifully"/>
                <rule type="0" weight="1" body="fun"/>
                <rule type="0" weight="1" body="efficient"/>
                <rule type="0" weight="1" body="uniqueness"/>
                <rule type="0" weight="1" body="sexy"/>
                <rule type="0" weight="1" body="liked"/>
                <rule type="0" weight="1" body="essential"/>
                <rule type="0" weight="1" body="hunderds of"/>
                <rule type="0" weight="1" body="glad"/>
                <rule type="1" weight="1" body="Thank@"/>
                <rule type="1" weight="1" body="recommend@"/>
                <rule type="1" weight="1" body="appreciate@"/>
                <rule type="1" weight="1" body="bug fix@"/>
                <rule type="1" weight="1" body="enjoy@"/>
                <rule type="2" weight="1" body="(ORD, &quot;_c{better than}&quot;,&quot;_def{OP}&quot;)"/>
                <rule type="0" weight="1" body="sharp"/>
                <rule type="0" weight="1" body="quick"/>
                <rule type="0" weight="1" body="useful"/>
                <rule type="0" weight="1" body="help"/>
                <rule type="0" weight="1" body="beautiful"/>
            </Definitions>
        </IntermediateEntity>
        <IntermediateEntity name="POSADJ2" displayName="POSADJ2" enable="1" parent="">
            <Definitions>
                <rule type="0" weight="2" body="Great"/>
                <rule type="0" weight="2" body="Love"/>
                <rule type="0" weight="2" body="Awesome"/>
                <rule type="0" weight="2" body="favorite"/>
                <rule type="0" weight="2" body="Excellent"/>
                <rule type="0" weight="2" body="Best"/>
                <rule type="0" weight="2" body="amazement"/>
                <rule type="0" weight="2" body="accurate"/>
                <rule type="0" weight="2" body="high quality"/>
                <rule type="0" weight="2" body="flawless"/>
                <rule type="1" weight="2" body="amaze@"/>
                <rule type="0" weight="2" body="superb"/>
                <rule type="0" weight="2" body="a must have"/>
                <rule type="0" weight="2" body="fantastic"/>
                <rule type="0" weight="2" body="top quality"/>
                <rule type="0" weight="2" body="greatest"/>
                <rule type="0" weight="2" body="favourite"/>
                <rule type="0" weight="2" body="favorite"/>
            </Definitions>
        </IntermediateEntity>
        <IntermediateEntity name="VERB" displayName="VERB" enable="1" parent="">
            <Definitions>
                <rule type="1" weight="1" body="work@"/>
                <rule type="1" weight="1" body="update@"/>
                <rule type="1" weight="1" body="refresh@"/>
                <rule type="1" weight="1" body="load@"/>
                <rule type="1" weight="1" body="install@"/>
                <rule type="1" weight="1" body="show@"/>
                <rule type="1" weight="1" body="download@"/>
                <rule type="1" weight="1" body="open@"/>
            </Definitions>
        </IntermediateEntity>
    </IntermediateEntities>
    <Products>
        <Product name="Product" displayName="Product" weight="1">
            <Definitions/>
            <Positive/>
            <Negative/>
            <Neutral/>
            <Features>
                <Feature name="weather" displayName="weather" weight="1" parent="Product">
                    <Definitions>
                        <rule type="0" weight="1" body="weather"/>
                    </Definitions>
                    <Positive>
                        <rule type="2" weight="1" body="(SENT,&quot;_c{_def{POSADJ1}}&quot;,&quot;_def{Productweather}&quot;)"/>
                        <rule type="4" weight="2.5" body="(DIST_7,&quot;_def{Productweather}&quot;,&quot;_a{_def{ADV}}&quot;,&quot;_b{_def{POSADJ2}}&quot;)"/>
                        <rule type="4" weight="1.5" body="(DIST_7,&quot;_def{Productweather}&quot;,&quot;_a{_def{ADV}}&quot;,&quot;_b{_def{POSADJ1}}&quot;)"/>
                        <rule type="2" weight="2" body="(SENT,&quot;_c{_def{POSADJ2}}&quot;,&quot;_def{Productweather}&quot;)"/>
                    </Positive>
                    <Negative>
                        <rule type="4" weight="1" body="(DIST_7, &quot;_def{Productweather}&quot;,&quot;_a{_def{VERB}}&quot;, &quot;_b{_def{NEGWORD}}&quot;)"/>
                        <rule type="2" weight="1" body="(SENT,&quot;_c{_def{NEGADJ1}}&quot;,&quot;_def{Productweather}&quot;)"/>
                        <rule type="4" weight="2.5" body="(DIST_7,&quot;_def{Productweather}&quot;,&quot;_a{_def{ADV}}&quot;,&quot;_b{_def{NEGADJ2}}&quot;)"/>
                        <rule type="4" weight="1.5" body="(DIST_7,&quot;_def{Productweather}&quot;,&quot;_a{_def{ADV}}&quot;,&quot;_b{_def{NEGADJ1}}&quot;)"/>
                        <rule type="2" weight="2" body="(SENT,&quot;_c{_def{NEGADJ2}}&quot;,&quot;_def{Productweather}&quot;)"/>
                    </Negative>
                    <Neutral/>
                </Feature>
                <Feature name="clock" displayName="clock" weight="1" parent="Product">
                    <Definitions>
                        <rule type="0" weight="1" body="clock"/>
                        <rule type="0" weight="1" body="time"/>
                        <rule type="0" weight="1" body="super clock"/>
                        <rule type="0" weight="1" body="clocks"/>
                        <rule type="0" weight="1" body="superclock"/>
                    </Definitions>
                    <Positive>
                        <rule type="2" weight="1" body="(SENT,&quot;_c{_def{POSADJ1}}&quot;,&quot;_def{Productclock}&quot;)"/>
                        <rule type="4" weight="2.5" body="(DIST_5,&quot;_def{Productclock}&quot;,&quot;_a{_def{ADV}}&quot;,&quot;_b{_def{POSADJ2}}&quot;)"/>
                        <rule type="4" weight="1.5" body="(SENT,&quot;_def{Productclock}&quot;,&quot;_a{_def{ADV}}&quot;,&quot;_b{_def{POSADJ1}}&quot;)"/>
                        <rule type="2" weight="2" body="(SENT,&quot;_c{_def{POSADJ2}}&quot;,&quot;_def{Productclock}&quot;)"/>
                    </Positive>
                    <Negative>
                        <rule type="4" weight="1" body="(DIST_5, &quot;_def{Productclock}&quot;,&quot;_a{_def{VERB}}&quot;, &quot;_b{_def{NEGWORD}}&quot;)"/>
                        <rule type="2" weight="1" body="(DIST_3,&quot;_c{_def{NEGADJ1}}&quot;,&quot;_def{Productclock}&quot;)"/>
                        <rule type="4" weight="2.5" body="(DIST_5,&quot;_def{Productclock}&quot;,&quot;_a{_def{ADV}}&quot;,&quot;_b{_def{NEGADJ2}}&quot;)"/>
                        <rule type="4" weight="1.5" body="(DIST_5,&quot;_def{Productclock}&quot;,&quot;_a{_def{ADV}}&quot;,&quot;_b{_def{NEGADJ1}}&quot;)"/>
                        <rule type="2" weight="2" body="(DIST_3,&quot;_c{_def{NEGADJ2}}&quot;,&quot;_def{Productclock}&quot;)"/>
                    </Negative>
                    <Neutral/>
                </Feature>
                <Feature name="GPS" displayName="GPS" weight="1" parent="Product">
                    <Definitions>
                        <rule type="0" weight="1" body="location"/>
                        <rule type="0" weight="1" body="geo"/>
                        <rule type="0" weight="1" body="geo location"/>
                        <rule type="0" weight="1" body="gps"/>
                        <rule type="0" weight="1" body="geolocation"/>
                    </Definitions>
                    <Positive>
                        <rule type="2" weight="1" body="(SENT,&quot;_c{_def{POSADJ1}}&quot;,&quot;_def{ProductGPS}&quot;)"/>
                        <rule type="4" weight="2.5" body="(DIST_7,&quot;_def{ProductGPS}&quot;,&quot;_a{_def{ADV}}&quot;,&quot;_b{_def{POSADJ2}}&quot;)"/>
                        <rule type="4" weight="1.5" body="(DIST_7,&quot;_def{ProductGPS}&quot;,&quot;_a{_def{ADV}}&quot;,&quot;_b{_def{POSADJ1}}&quot;)"/>
                        <rule type="2" weight="2" body="(SENT,&quot;_c{_def{POSADJ2}}&quot;,&quot;_def{ProductGPS}&quot;)"/>
                    </Positive>
                    <Negative>
                        <rule type="4" weight="1" body="(DIST_7, &quot;_def{ProductGPS}&quot;,&quot;_a{_def{VERB}}&quot;, &quot;_b{_def{NEGWORD}}&quot;)"/>
                        <rule type="2" weight="1" body="(SENT,&quot;_c{_def{NEGADJ1}}&quot;,&quot;_def{ProductGPS}&quot;)"/>
                        <rule type="4" weight="2.5" body="(DIST_7,&quot;_def{ProductGPS}&quot;,&quot;_a{_def{ADV}}&quot;,&quot;_b{_def{NEGADJ2}}&quot;)"/>
                        <rule type="4" weight="1.5" body="(DIST_7,&quot;_def{ProductGPS}&quot;,&quot;_a{_def{ADV}}&quot;,&quot;_b{_def{NEGADJ1}}&quot;)"/>
                        <rule type="2" weight="2" body="(SENT,&quot;_c{_def{NEGADJ2}}&quot;,&quot;_def{ProductGPS}&quot;)"/>
                    </Negative>
                    <Neutral/>
                </Feature>
                <Feature name="design" displayName="design" weight="1" parent="Product">
                    <Definitions>
                        <rule type="0" weight="1" body="graphics"/>
                        <rule type="0" weight="1" body="graphic"/>
                        <rule type="0" weight="1" body="animation"/>
                        <rule type="0" weight="1" body="resolution"/>
                        <rule type="0" weight="1" body="design"/>
                        <rule type="0" weight="1" body="designs"/>
                    </Definitions>
                    <Positive>
                        <rule type="0" weight="1" body="animated"/>
                        <rule type="0" weight="1" body="customizable"/>
                        <rule type="0" weight="1" body="customization"/>
                        <rule type="0" weight="1" body="vivid"/>
                        <rule type="1" weight="1" body="customize@"/>
                        <rule type="0" weight="1" body="customisation"/>
                        <rule type="2" weight="1" body="(SENT,&quot;_c{_def{POSADJ1}}&quot;,&quot;_def{Productdesign}&quot;)"/>
                        <rule type="4" weight="2.5" body="(DIST_7,&quot;_def{Productdesign}&quot;,&quot;_a{_def{ADV}}&quot;,&quot;_b{_def{POSADJ2}}&quot;)"/>
                        <rule type="4" weight="1.5" body="(DIST_7,&quot;_def{Productdesign}&quot;,&quot;_a{_def{ADV}}&quot;,&quot;_b{_def{POSADJ1}}&quot;)"/>
                        <rule type="2" weight="2" body="(SENT,&quot;_c{_def{POSADJ2}}&quot;,&quot;_def{Productdesign}&quot;)"/>
                    </Positive>
                    <Negative>
                        <rule type="2" weight="1" body="(SENT,&quot;_c{_def{NEGADJ1}}&quot;,&quot;_def{Productdesign}&quot;)"/>
                        <rule type="4" weight="2.5" body="(DIST_7,&quot;_def{Productdesign}&quot;,&quot;_a{_def{ADV}}&quot;,&quot;_b{_def{NEGADJ2}}&quot;)"/>
                        <rule type="4" weight="1.5" body="(DIST_7,&quot;_def{Productdesign}&quot;,&quot;_a{_def{ADV}}&quot;,&quot;_b{_def{NEGADJ1}}&quot;)"/>
                        <rule type="2" weight="2" body="(SENT,&quot;_c{_def{NEGADJ2}}&quot;,&quot;_def{Productdesign}&quot;)"/>
                    </Negative>
                    <Neutral/>
                </Feature>
                <Feature name="theme" displayName="theme" weight="1" parent="Product">
                    <Definitions>
                        <rule type="0" weight="1" body="skins"/>
                        <rule type="0" weight="1" body="skin"/>
                        <rule type="0" weight="1" body="colors"/>
                        <rule type="0" weight="1" body="fonts"/>
                        <rule type="0" weight="1" body="background"/>
                        <rule type="0" weight="1" body="music"/>
                        <rule type="0" weight="1" body="wallpaper"/>
                        <rule type="0" weight="1" body="options"/>
                    </Definitions>
                    <Positive>
                        <rule type="2" weight="1" body="(SENT,&quot;_c{_def{POSADJ1}}&quot;,&quot;_def{Producttheme}&quot;)"/>
                        <rule type="4" weight="2.5" body="(DIST_7,&quot;_def{Producttheme}&quot;,&quot;_a{_def{ADV}}&quot;,&quot;_b{_def{POSADJ2}}&quot;)"/>
                        <rule type="4" weight="1.5" body="(DIST_7,&quot;_def{Producttheme}&quot;,&quot;_a{_def{ADV}}&quot;,&quot;_b{_def{POSADJ1}}&quot;)"/>
                        <rule type="2" weight="2" body="(SENT,&quot;_c{_def{POSADJ2}}&quot;,&quot;_def{Producttheme}&quot;)"/>
                        <rule type="0" weight="2" body="so many"/>
                    </Positive>
                    <Negative>
                        <rule type="2" weight="1" body="(SENT,&quot;_c{_def{TonalKeywordNegative}}&quot;,&quot;_def{Producttheme}&quot;)"/>
                        <rule type="4" weight="2" body="(DIST_5,&quot;_def{Producttheme}&quot;,&quot;_a{_def{ADV}}&quot;,&quot;_b{_def{TonalKeywordNegative}}&quot;)"/>
                        <rule type="2" weight="1" body="(SENT,&quot;_c{_def{NEGADJ1}}&quot;,&quot;_def{Producttheme}&quot;)"/>
                        <rule type="4" weight="2.5" body="(DIST_7,&quot;_def{Producttheme}&quot;,&quot;_a{_def{ADV}}&quot;,&quot;_b{_def{NEGADJ2}}&quot;)"/>
                        <rule type="4" weight="1.5" body="(DIST_7,&quot;_def{Producttheme}&quot;,&quot;_a{_def{ADV}}&quot;,&quot;_b{_def{NEGADJ1}}&quot;)"/>
                        <rule type="2" weight="2" body="(SENT,&quot;_c{_def{NEGADJ2}}&quot;,&quot;_def{Producttheme}&quot;)"/>
                    </Negative>
                    <Neutral/>
                </Feature>
                <Feature name="service" displayName="service" weight="1" parent="Product">
                    <Definitions>
                        <rule type="0" weight="1" body="developers"/>
                        <rule type="0" weight="1" body="developer"/>
                        <rule type="0" weight="1" body="dev"/>
                        <rule type="0" weight="1" body="response"/>
                    </Definitions>
                    <Positive>
                        <rule type="2" weight="1" body="(SENT,&quot;_c{_def{POSADJ1}}&quot;,&quot;_def{Productservice}&quot;)"/>
                        <rule type="4" weight="2.5" body="(DIST_7,&quot;_def{Productservice}&quot;,&quot;_a{_def{ADV}}&quot;,&quot;_b{_def{POSADJ2}}&quot;)"/>
                        <rule type="4" weight="1.5" body="(DIST_7,&quot;_def{Productservice}&quot;,&quot;_a{_def{ADV}}&quot;,&quot;_b{_def{POSADJ1}}&quot;)"/>
                        <rule type="2" weight="2" body="(SENT,&quot;_c{_def{POSADJ2}}&quot;,&quot;_def{Productservice}&quot;)"/>
                    </Positive>
                    <Negative>
                        <rule type="0" weight="1" body="no explanation"/>
                        <rule type="2" weight="1" body="(SENT,&quot;_c{_def{NEGADJ1}}&quot;,&quot;_def{Productservice}&quot;)"/>
                        <rule type="4" weight="2.5" body="(DIST_7,&quot;_def{Productservice}&quot;,&quot;_a{_def{ADV}}&quot;,&quot;_b{_def{NEGADJ2}}&quot;)"/>
                        <rule type="4" weight="1.5" body="(DIST_7,&quot;_def{Productservice}&quot;,&quot;_a{_def{ADV}}&quot;,&quot;_b{_def{NEGADJ1}}&quot;)"/>
                        <rule type="2" weight="2" body="(SENT,&quot;_c{_def{NEGADJ2}}&quot;,&quot;_def{Productservice}&quot;)"/>
                    </Negative>
                    <Neutral/>
                </Feature>
                <Feature name="price" displayName="price" weight="1" parent="Product">
                    <Definitions>
                        <rule type="0" weight="1" body="money"/>
                        <rule type="0" weight="1" body="dollars"/>
                        <rule type="0" weight="1" body="dollar"/>
                        <rule type="0" weight="1" body="price"/>
                    </Definitions>
                    <Positive>
                        <rule type="0" weight="1" body="must buy"/>
                        <rule type="2" weight="1" body="(SENT,&quot;_c{_def{POSADJ1}}&quot;,&quot;_def{Productprice}&quot;)"/>
                        <rule type="4" weight="2.5" body="(DIST_7,&quot;_def{Productprice}&quot;,&quot;_a{_def{ADV}}&quot;,&quot;_b{_def{POSADJ2}}&quot;)"/>
                        <rule type="4" weight="1.5" body="(DIST_7,&quot;_def{Productprice}&quot;,&quot;_a{_def{ADV}}&quot;,&quot;_b{_def{POSADJ1}}&quot;)"/>
                        <rule type="2" weight="2" body="(SENT,&quot;_c{_def{POSADJ2}}&quot;,&quot;_def{Productprice}&quot;)"/>
                    </Positive>
                    <Negative>
                        <rule type="2" weight="1" body="(SENT,&quot;_c{_def{NEGADJ1}}&quot;,&quot;_def{Productprice}&quot;)"/>
                        <rule type="4" weight="2.5" body="(DIST_7,&quot;_def{Productprice}&quot;,&quot;_a{_def{ADV}}&quot;,&quot;_b{_def{NEGADJ2}}&quot;)"/>
                        <rule type="0" weight="1" body="refund"/>
                        <rule type="4" weight="1.5" body="(DIST_7,&quot;_def{Productprice}&quot;,&quot;_a{_def{ADV}}&quot;,&quot;_b{_def{NEGADJ1}}&quot;)"/>
                        <rule type="2" weight="2" body="(SENT,&quot;_c{_def{NEGADJ2}}&quot;,&quot;_def{Productprice}&quot;)"/>
                    </Negative>
                    <Neutral/>
                </Feature>
                <Feature name="privacy" displayName="privacy" weight="1" parent="Product">
                    <Definitions>
                        <rule type="0" weight="1" body="permission"/>
                        <rule type="0" weight="1" body="permissions"/>
                        <rule type="0" weight="1" body="statistics"/>
                    </Definitions>
                    <Positive/>
                    <Negative>
                        <rule type="2" weight="1" body="(SENT,&quot;_c{_def{NEGADJ1}}&quot;,&quot;_def{Productprivacy}&quot;)"/>
                        <rule type="0" weight="1" body="why"/>
                        <rule type="0" weight="1" body="have to agree"/>
                        <rule type="4" weight="2.5" body="(DIST_7,&quot;_def{Productprivacy}&quot;,&quot;_a{_def{ADV}}&quot;,&quot;_b{_def{NEGADJ2}}&quot;)"/>
                        <rule type="0" weight="1" body="less freedoms"/>
                        <rule type="4" weight="1.5" body="(DIST_7,&quot;_def{Productprivacy}&quot;,&quot;_a{_def{ADV}}&quot;,&quot;_b{_def{NEGADJ1}}&quot;)"/>
                        <rule type="2" weight="2" body="(SENT,&quot;_c{_def{NEGADJ2}}&quot;,&quot;_def{Productprivacy}&quot;)"/>
                    </Negative>
                    <Neutral/>
                </Feature>
                <Feature name="performance" displayName="performance" weight="1" parent="Product">
                    <Definitions>
                        <rule type="0" weight="1" body="product"/>
                        <rule type="0" weight="1" body="products"/>
                        <rule type="0" weight="1" body="support"/>
                        <rule type="0" weight="1" body="supports"/>
                    </Definitions>
                    <Positive>
                        <rule type="4" weight="1.5" body="(DIST_7,&quot;_def{Productperformance}&quot;,&quot;_a{_def{ADV}}&quot;,&quot;_b{_def{POSADJ1}}&quot;)"/>
                        <rule type="2" weight="1" body="(SENT,&quot;_c{_def{POSADJ1}}&quot;,&quot;_def{Productperformance}&quot;)"/>
                        <rule type="2" weight="2" body="(SENT,&quot;_c{_def{POSADJ2}}&quot;,&quot;_def{Productperformance}&quot;)"/>
                        <rule type="4" weight="2.5" body="(DIST_7,&quot;_def{Productperformance}&quot;,&quot;_a{_def{ADV}}&quot;,&quot;_b{_def{POSADJ2}}&quot;)"/>
                        <rule type="1" weight="1" body="_def{POSADJ1}"/>
                        <rule type="1" weight="2" body="_def{POSADJ2}"/>
                        <rule type="4" weight="1" body="(DIST_3,&quot;_a{no}&quot;,&quot;_b{FCs}&quot;)"/>
                        <rule type="4" weight="1" body="(DIST_3,&quot;_a{fixed}&quot;,&quot;_b{FC}&quot;)"/>
                    </Positive>
                    <Negative>
                        <rule type="4" weight="1" body="(DIST_7, &quot;_def{Productperformance}&quot;,&quot;_a{_def{VERB}}&quot;, &quot;_b{_def{NEGWORD}}&quot;)"/>
                        <rule type="4" weight="1.5" body="(DIST_7,&quot;_def{Productperformance}&quot;,&quot;_a{_def{ADV}}&quot;,&quot;_b{_def{NEGADJ1}}&quot;)"/>
                        <rule type="2" weight="1" body="(SENT,&quot;_c{_def{NEGADJ1}}&quot;,&quot;_def{Productperformance}&quot;)"/>
                        <rule type="2" weight="2" body="(SENT,&quot;_c{_def{NEGADJ2}}&quot;,&quot;_def{Productperformance}&quot;)"/>
                        <rule type="4" weight="2.5" body="(DIST_7,&quot;_def{Productperformance}&quot;,&quot;_a{_def{ADV}}&quot;,&quot;_b{_def{NEGADJ2}}&quot;)"/>
                        <rule type="1" weight="1" body="_def{NEGADJ1}"/>
                        <rule type="1" weight="2" body="_def{NEGADJ2}"/>
                    </Negative>
                    <Neutral/>
                </Feature>
                <Feature name="update" displayName="update" weight="1" parent="Product">
                    <Definitions>
                        <rule type="0" weight="1" body="updates"/>
                        <rule type="0" weight="1" body="update"/>
                    </Definitions>
                    <Positive>
                        <rule type="4" weight="1.5" body="(DIST_7,&quot;_def{Productupdate}&quot;,&quot;_a{_def{ADV}}&quot;,&quot;_b{_def{POSADJ1}}&quot;)"/>
                        <rule type="2" weight="1" body="(SENT,&quot;_c{_def{POSADJ1}}&quot;,&quot;_def{Productupdate}&quot;)"/>
                        <rule type="2" weight="2" body="(SENT,&quot;_c{_def{POSADJ2}}&quot;,&quot;_def{Productupdate}&quot;)"/>
                        <rule type="4" weight="2.5" body="(DIST_7,&quot;_def{Productupdate}&quot;,&quot;_a{_def{ADV}}&quot;,&quot;_b{_def{POSADJ2}}&quot;)"/>
                    </Positive>
                    <Negative>
                        <rule type="4" weight="1.5" body="(DIST_7,&quot;_def{Productupdate}&quot;,&quot;_a{_def{ADV}}&quot;,&quot;_b{_def{NEGADJ1}}&quot;)"/>
                        <rule type="2" weight="1" body="(SENT,&quot;_c{_def{NEGADJ1}}&quot;,&quot;_def{Productupdate}&quot;)"/>
                        <rule type="2" weight="2" body="(SENT,&quot;_c{_def{NEGADJ2}}&quot;,&quot;_def{Productupdate}&quot;)"/>
                        <rule type="4" weight="2.5" body="(DIST_7,&quot;_def{Productupdate}&quot;,&quot;_a{_def{ADV}}&quot;,&quot;_b{_def{NEGADJ2}}&quot;)"/>
                    </Negative>
                    <Neutral/>
                </Feature>
                <Feature name="battery" displayName="battery" weight="1" parent="Product">
                    <Definitions>
                        <rule type="0" weight="1" body="battery"/>
                        <rule type="0" weight="1" body="power"/>
                    </Definitions>
                    <Positive>
                        <rule type="2" weight="1" body="(SENT,&quot;_c{don't eat up}&quot;,&quot;_def{Productbattery}&quot;)"/>
                        <rule type="4" weight="1.5" body="(DIST_7,&quot;_def{Productbattery}&quot;,&quot;_a{_def{ADV}}&quot;,&quot;_b{_def{POSADJ1}}&quot;)"/>
                        <rule type="2" weight="1" body="(SENT,&quot;_c{_def{POSADJ1}}&quot;,&quot;_def{Productbattery}&quot;)"/>
                        <rule type="2" weight="2" body="(SENT,&quot;_c{_def{POSADJ2}}&quot;,&quot;_def{Productbattery}&quot;)"/>
                        <rule type="4" weight="2.5" body="(DIST_7,&quot;_def{Productbattery}&quot;,&quot;_a{_def{ADV}}&quot;,&quot;_b{_def{POSADJ2}}&quot;)"/>
                    </Positive>
                    <Negative>
                        <rule type="2" weight="1" body="(SENT, &quot;_c{drain@}&quot;,&quot;_def{Productbattery}&quot;)"/>
                        <rule type="2" weight="1" body="(SENT, &quot;_c{eat@}&quot;,&quot;_def{Productbattery}&quot;)"/>
                        <rule type="2" weight="1" body="(SENT, &quot;_c{heat@}&quot;,&quot;_def{Productbattery}&quot;)"/>
                        <rule type="2" weight="1" body="(SENT, &quot;_c{kill@}&quot;,&quot;_def{Productbattery}&quot;)"/>
                        <rule type="2" weight="1" body="(SENT, &quot;_c{killer}&quot;,&quot;_def{Productbattery}&quot;)"/>
                        <rule type="4" weight="1.5" body="(DIST_7,&quot;_def{Productbattery}&quot;,&quot;_a{_def{ADV}}&quot;,&quot;_b{_def{NEGADJ1}}&quot;)"/>
                        <rule type="2" weight="1" body="(SENT,&quot;_c{_def{NEGADJ1}}&quot;,&quot;_def{Productbattery}&quot;)"/>
                        <rule type="2" weight="2" body="(SENT,&quot;_c{_def{NEGADJ2}}&quot;,&quot;_def{Productbattery}&quot;)"/>
                        <rule type="4" weight="2.5" body="(DIST_7,&quot;_def{Productbattery}&quot;,&quot;_a{_def{ADV}}&quot;,&quot;_b{_def{NEGADJ2}}&quot;)"/>
                    </Negative>
                    <Neutral/>
                </Feature>
            </Features>
        </Product>
    </Products>
</SAM_RULE>
