<?xml version="1.0" encoding="UTF-8"?><_ROOT_ EMVERSION="15.1" ORIENTATION="HORIZONTAL">
<Workspace>
<NODES>
<NODE CLASS="SASHELP.EMMODL.AUTONEURAL.CLASS" COMPONENT="AutoNeural" ID="AutoNeural" X="1368" Y="669" DESCRIPTION="AutoNeural" DIAGRAMID="_ROOT_" PARENTID="" TOOLTYPE="MODEL" TOOLPREFIX="AutoNeural">
<PROPERTIES Architecture="SINGLE LAYER" TrainAction="SEARCH" Termination="OVERFITTING" TargetError="DEFAULT" Hidden="1" TotalHidden="30" MaxIter="8" AdjustIterations="Y" FinalTrain="Y" FinalIter="5" TotalTime="1 HOUR" Freeze="N" Direct="N" Tanh="Y" Normal="N" Sine="N" Exponential="N" Identity="N" Logistic="N" Reciprocal="N" Softmax="N" Square="N" Tolerance="LOW" Residuals="Y" Standardizations="N" HiddenUnits="N" outfit="" weights="" estds="" Bestds="" HistoryDs="" ForceRun="N" RunAction="Train" Component="AutoNeural">
<VariableProperties/>
<EmVariableAttributes/>
<EmTargetAttributes/>
<EmFileProperties>
<EMNOTES Type="EXTERNAL" Extension="txt">
<Data/>
</EMNOTES>
</EmFileProperties>
</PROPERTIES>
</NODE>
<NODE CLASS="SASHELP.EMSAMP.IDS.CLASS" COMPONENT="DataSource" ID="Ids" X="120" Y="66" DESCRIPTION="PVA97NK" DIAGRAMID="_ROOT_" PARENTID="" TOOLTYPE="SAMPLE" TOOLPREFIX="Ids">
<PROPERTIES DataSource="pvank" Scope="LOCAL" Role="RAW" Library="COURSE" Table="PVA97NK" NCols="28" NObs="9686" NBytes="2049024" Segment="" DataSourceRole="RAW" OutputType="VIEW" ForceRun="N" ComputeStatistics="N" DataSelection="DATASOURCE" NewTable="" MetaAdvisor="BASIC" ApplyIntervalLevelLowerLimit="Y" IntervalLowerLimit="20" ApplyMaxPercentMissing="Y" MaxPercentMissing="50" ApplyMaxClassLevels="Y" MaxClassLevels="20" IdentifyEmptyColumns="Y" VariableValidation="STRICT" NewVariableRole="REJECT" DropMapVariables="Y" DsId="pvank" DsSampleName="" DsSampleSizeType="" DsSampleSize="" DsCreatedBy="gchakra" DsCreateDate="1895610234.2" DsModifiedBy="gchakra" DsModifyDate="1895610234.2" DsScope="LOCAL" Sample="D" SampleSizeType="PERCENT" SampleSizePercent="20" SampleSizeObs="10000" DBPassThrough="Y" RunAction="Train" Component="DataSource" Description="">
<VariableProperties/>
<EmVariableAttributes/>
<EmTargetAttributes>
<TargetB>
<DecData Table="EMWS2.Ids_TargetB_DD">
<Data>
<Obs TARGETB="0"/>
<Obs TARGETB="1"/>
<Obs TARGETB="0.5"/>
</Data>
<Metadata>
<Variable NAME="TargetB" LABEL="Target Gift Flag" LENGTH="8" FORMAT="" TYPE="N"/>
</Metadata>
</DecData>
<DecMeta Table="EMWS2.Ids_TargetB_DM">
<Data>
<Obs _TYPE_="MATRIX" VARIABLE="" LABEL="" FORMAT="" LEVEL="PROFIT" TYPE="" COST="" USE="N" MIN="." MEAN="." MAX="."/>
<Obs _TYPE_="TARGET" VARIABLE="TargetB" LABEL="Target Gift Flag" FORMAT="" LEVEL="INTERVAL" TYPE="N" COST="" USE="" MIN="0" MEAN="0.5" MAX="1"/>
<Obs _TYPE_="PREDICTED" VARIABLE="P_TargetB" LABEL="Predicted: TargetB" FORMAT="" LEVEL="" TYPE="N" COST="" USE="" MIN="." MEAN="." MAX="."/>
<Obs _TYPE_="RESIDUAL" VARIABLE="R_TargetB" LABEL="Residual: TargetB" FORMAT="" LEVEL="" TYPE="N" COST="" USE="" MIN="." MEAN="." MAX="."/>
</Data>
<Metadata>
<Variable NAME="_TYPE_" LABEL="Type" LENGTH="32" FORMAT="" TYPE="C"/>
<Variable NAME="VARIABLE" LABEL="Variable" LENGTH="32" FORMAT="" TYPE="C"/>
<Variable NAME="LABEL" LABEL="Label" LENGTH="256" FORMAT="" TYPE="C"/>
<Variable NAME="FORMAT" LABEL="Format" LENGTH="32" FORMAT="" TYPE="C"/>
<Variable NAME="LEVEL" LABEL="Measurement Level" LENGTH="32" FORMAT="" TYPE="C"/>
<Variable NAME="TYPE" LABEL="Type" LENGTH="1" FORMAT="" TYPE="C"/>
<Variable NAME="COST" LABEL="Cost" LENGTH="32" FORMAT="" TYPE="C"/>
<Variable NAME="USE" LABEL="Use" LENGTH="1" FORMAT="" TYPE="C"/>
<Variable NAME="MIN" LABEL="Minimum" LENGTH="8" FORMAT="" TYPE="N"/>
<Variable NAME="MEAN" LABEL="Mean" LENGTH="8" FORMAT="" TYPE="N"/>
<Variable NAME="MAX" LABEL="Maximum" LENGTH="8" FORMAT="" TYPE="N"/>
</Metadata>
</DecMeta>
</TargetB>
<TargetD>
<DecData Table="EMWS2.Ids_TargetD_DD">
<Data>
<Obs TARGETD="1"/>
<Obs TARGETD="200"/>
<Obs TARGETD="100.5"/>
</Data>
<Metadata>
<Variable NAME="TargetD" LABEL="Target Gift Amount" LENGTH="8" FORMAT="" TYPE="N"/>
</Metadata>
</DecData>
<DecMeta Table="EMWS2.Ids_TargetD_DM">
<Data>
<Obs _TYPE_="MATRIX" VARIABLE="" LABEL="" FORMAT="" LEVEL="PROFIT" TYPE="" COST="" USE="N" MIN="." MEAN="." MAX="."/>
<Obs _TYPE_="TARGET" VARIABLE="TargetD" LABEL="Target Gift Amount" FORMAT="DOLLAR9.2" LEVEL="INTERVAL" TYPE="N" COST="" USE="" MIN="1" MEAN="15.624344415" MAX="200"/>
<Obs _TYPE_="PREDICTED" VARIABLE="P_TargetD" LABEL="Predicted: TargetD" FORMAT="" LEVEL="" TYPE="N" COST="" USE="" MIN="." MEAN="." MAX="."/>
<Obs _TYPE_="RESIDUAL" VARIABLE="R_TargetD" LABEL="Residual: TargetD" FORMAT="" LEVEL="" TYPE="N" COST="" USE="" MIN="." MEAN="." MAX="."/>
</Data>
<Metadata>
<Variable NAME="_TYPE_" LABEL="Type" LENGTH="32" FORMAT="" TYPE="C"/>
<Variable NAME="VARIABLE" LABEL="Variable" LENGTH="32" FORMAT="" TYPE="C"/>
<Variable NAME="LABEL" LABEL="Label" LENGTH="256" FORMAT="" TYPE="C"/>
<Variable NAME="FORMAT" LABEL="Format" LENGTH="32" FORMAT="" TYPE="C"/>
<Variable NAME="LEVEL" LABEL="Measurement Level" LENGTH="32" FORMAT="" TYPE="C"/>
<Variable NAME="TYPE" LABEL="Type" LENGTH="1" FORMAT="" TYPE="C"/>
<Variable NAME="COST" LABEL="Cost" LENGTH="32" FORMAT="" TYPE="C"/>
<Variable NAME="USE" LABEL="Use" LENGTH="1" FORMAT="" TYPE="C"/>
<Variable NAME="MIN" LABEL="Minimum" LENGTH="8" FORMAT="" TYPE="N"/>
<Variable NAME="MEAN" LABEL="Mean" LENGTH="8" FORMAT="" TYPE="N"/>
<Variable NAME="MAX" LABEL="Maximum" LENGTH="8" FORMAT="" TYPE="N"/>
</Metadata>
</DecMeta>
</TargetD>
</EmTargetAttributes>
<EmFileProperties>
<EMNOTES Type="EXTERNAL" Extension="txt">
<Data/>
</EMNOTES>
</EmFileProperties>
</PROPERTIES>
</NODE>
<NODE CLASS="SASHELP.EMMDFY.EMIMPUTE.CLASS" COMPONENT="Impute" ID="Impt" X="909" Y="299" DESCRIPTION="Impute" DIAGRAMID="_ROOT_" PARENTID="" TOOLTYPE="MODIFY" TOOLPREFIX="Impt">
<PROPERTIES MethodInterval="MEAN" MethodClass="COUNT" MethodTargetInterval="NONE" MethodTargetClass="NONE" ABWTuning="9" AHUBERTuning="1.5" AWAVETuning="6.2831853072" SpacingProportion="90" DefaultChar="" DefaultNum="." RandomSeed="12345" Normalize="Y" ImputeNoMissing="N" MaxPctMissing="50" ValidateTestMissing="N" DistributionMissing="N" LeafSize="5" Maxbranch="2" Maxdepth="6" MinCatSize="5" Nrules="5" Nsurrs="2" Splitsize="." Indicator="UNIQUE" IndicatorRole="INPUT" ReplaceVariable="N" HideVariable="Y" IndicatorSource="IMPUTED" ForceRun="N" RunAction="Train" Component="Impute">
<VariableProperties/>
<EmVariableAttributes/>
<EmTargetAttributes/>
<EmFileProperties>
<EMNOTES Type="EXTERNAL" Extension="txt">
<Data/>
</EMNOTES>
</EmFileProperties>
</PROPERTIES>
</NODE>
<NODE CLASS="SASHELP.EMASSMT.ASSESS.CLASS" COMPONENT="ModelCompare" ID="MdlComp" X="1499" Y="147" DESCRIPTION="Model Comparison" DIAGRAMID="_ROOT_" PARENTID="" TOOLTYPE="ASSESS" TOOLPREFIX="MdlComp">
<PROPERTIES NumberOfReportedLevels="1E-6" NormalizeReportingVariables="Y" DecileBin="20" LiftEpsilon="1E-6" ProfitEpsilon="1E-6" RoiEpsilon="1E-6" ScoreDistBin="20" RocChart="Y" RocEpsilon="0.01" AssessAllTargetLevels="N" SelectionData="DEFAULT" HPCriteria="DEFAULT" intervalViyaCriteria="DEFAULT" classViyaCriteria="DEFAULT" SelectionTable="TRAIN" SelectionCriteria="DEFAULT" SelectionDepth="10" NumberofBins="20" RecomputeAssess="N" TargetName="TargetB" ModelId="Reg3" ModelDescription="Regression (Optimal)" ModelCriteria="Valid: Misclassification Rate" ForceRun="N" RunAction="Train" Component="ModelCompare" StatisticUsed="_VMISC_" TargetLabel="Target Gift Flag">
<VariableProperties/>
<EmVariableAttributes/>
<EmTargetAttributes/>
<EmFileProperties>
<EMNOTES Type="EXTERNAL" Extension="txt">
<Data/>
</EMNOTES>
</EmFileProperties>
</PROPERTIES>
</NODE>
<NODE CLASS="SASHELP.EMUTIL.EMMETADATA.CLASS" COMPONENT="Metadata" ID="Meta" X="318" Y="66" DESCRIPTION="Metadata" DIAGRAMID="_ROOT_" PARENTID="" TOOLTYPE="UTILITY" TOOLPREFIX="Meta">
<PROPERTIES HideRejected="N" AdvancedAdvisor="N" CombineRule="NONE" ComputeStatistics="N" ForceRun="N" RunAction="Train" Component="Metadata">
<VariableProperties/>
<EmTargetAttributes/>
<EmVariableAttributes>
<DELTA Variable="DemAge" AttributeName="HIDDEN" AttributeValue="N"/>
<DELTA Variable="DemCluster" AttributeName="HIDDEN" AttributeValue="N"/>
<DELTA Variable="DemGender" AttributeName="HIDDEN" AttributeValue="N"/>
<DELTA Variable="DemHomeOwner" AttributeName="NEWLEVEL" AttributeValue="BINARY"/>
<DELTA Variable="DemHomeOwner" AttributeName="HIDDEN" AttributeValue="N"/>
<DELTA Variable="DemMedHomeValue" AttributeName="HIDDEN" AttributeValue="N"/>
<DELTA Variable="DemMedIncome" AttributeName="HIDDEN" AttributeValue="N"/>
<DELTA Variable="DemPctVeterans" AttributeName="HIDDEN" AttributeValue="N"/>
<DELTA Variable="GiftAvg36" AttributeName="HIDDEN" AttributeValue="N"/>
<DELTA Variable="GiftAvgAll" AttributeName="HIDDEN" AttributeValue="N"/>
<DELTA Variable="GiftAvgCard36" AttributeName="HIDDEN" AttributeValue="N"/>
<DELTA Variable="GiftAvgLast" AttributeName="HIDDEN" AttributeValue="N"/>
<DELTA Variable="GiftCnt36" AttributeName="HIDDEN" AttributeValue="N"/>
<DELTA Variable="GiftCntAll" AttributeName="HIDDEN" AttributeValue="N"/>
<DELTA Variable="GiftCntCard36" AttributeName="HIDDEN" AttributeValue="N"/>
<DELTA Variable="GiftCntCardAll" AttributeName="HIDDEN" AttributeValue="N"/>
<DELTA Variable="GiftTimeFirst" AttributeName="HIDDEN" AttributeValue="N"/>
<DELTA Variable="GiftTimeLast" AttributeName="HIDDEN" AttributeValue="N"/>
<DELTA Variable="ID" AttributeName="HIDDEN" AttributeValue="N"/>
<DELTA Variable="PromCnt12" AttributeName="HIDDEN" AttributeValue="N"/>
<DELTA Variable="PromCnt36" AttributeName="HIDDEN" AttributeValue="N"/>
<DELTA Variable="PromCntAll" AttributeName="HIDDEN" AttributeValue="N"/>
<DELTA Variable="PromCntCard12" AttributeName="HIDDEN" AttributeValue="N"/>
<DELTA Variable="PromCntCard36" AttributeName="HIDDEN" AttributeValue="N"/>
<DELTA Variable="PromCntCardAll" AttributeName="HIDDEN" AttributeValue="N"/>
<DELTA Variable="StatusCat96NK" AttributeName="HIDDEN" AttributeValue="N"/>
<DELTA Variable="StatusCatStarAll" AttributeName="NEWLEVEL" AttributeValue="BINARY"/>
<DELTA Variable="StatusCatStarAll" AttributeName="HIDDEN" AttributeValue="N"/>
<DELTA Variable="TargetB" AttributeName="NEWLEVEL" AttributeValue="BINARY"/>
<DELTA Variable="TargetB" AttributeName="HIDDEN" AttributeValue="N"/>
<DELTA Variable="TargetD" AttributeName="NEWROLE" AttributeValue="REJECTED"/>
<DELTA Variable="TargetD" AttributeName="HIDDEN" AttributeValue="N"/>
</EmVariableAttributes>
<EmFileProperties>
<EMNOTES Type="EXTERNAL" Extension="txt">
<Data/>
</EMNOTES>
<METACODE_DATA Type="EXTERNAL" Extension="sas">
<Data><![CDATA[
*------------------------------------------------------------*;
* Metadata Changes;
*------------------------------------------------------------*;
if upcase(NAME) = &quot;DEMHOMEOWNER&quot; then LEVEL=&quot;BINARY&quot;;
if upcase(NAME) = &quot;STATUSCATSTARALL&quot; then LEVEL=&quot;BINARY&quot;;
if upcase(NAME) = &quot;TARGETB&quot; then LEVEL=&quot;BINARY&quot;;
if upcase(NAME) = &quot;TARGETD&quot; then ROLE=&quot;REJECTED&quot;;
]]>
</Data>
</METACODE_DATA>
<VARIABLEPROPERTIES_DATA Type="EXTERNAL" Extension="sas">
<Data><![CDATA[
*------------------------------------------------------------*;
* Variable Attributes for DATA;
*------------------------------------------------------------*;
if upcase(NAME) = &quot;DEMHOMEOWNER&quot; then NEWLEVEL=&quot;BINARY&quot;;
if upcase(NAME) = &quot;STATUSCATSTARALL&quot; then NEWLEVEL=&quot;BINARY&quot;;
if upcase(NAME) = &quot;TARGETB&quot; then NEWLEVEL=&quot;BINARY&quot;;
if upcase(NAME) = &quot;TARGETD&quot; then NEWROLE=&quot;REJECTED&quot;;
]]>
</Data>
</VARIABLEPROPERTIES_DATA>
<IMPORTSET Type="DATA">
<Data>
<Obs USE="Y" PORT="DATA" NODELABEL="Ids" NODEPORT="DATA" LIBNAME="" DATASET="Ids_DATA" ROLE="RAW" MODTIME="1896082032.4" COLUMNMETA="Ids_CMeta_DATA" COLUMNMETAMODTIME="1896082032.4" EMINFO="Ids_EMINFO" EMINFOMODTIME="1896082032" NOBS="9686" DATASOURCE="pvank"/>
<Obs USE="Y" PORT="VALIDATE" NODELABEL="" NODEPORT="" LIBNAME="" DATASET="" ROLE="" MODTIME="." COLUMNMETA="" COLUMNMETAMODTIME="." EMINFO="" EMINFOMODTIME="." NOBS="." DATASOURCE=""/>
<Obs USE="Y" PORT="TEST" NODELABEL="" NODEPORT="" LIBNAME="" DATASET="" ROLE="" MODTIME="." COLUMNMETA="" COLUMNMETAMODTIME="." EMINFO="" EMINFOMODTIME="." NOBS="." DATASOURCE=""/>
<Obs USE="Y" PORT="SCORE" NODELABEL="" NODEPORT="" LIBNAME="" DATASET="" ROLE="" MODTIME="." COLUMNMETA="" COLUMNMETAMODTIME="." EMINFO="" EMINFOMODTIME="." NOBS="." DATASOURCE=""/>
<Obs USE="Y" PORT="TRANSACTION" NODELABEL="" NODEPORT="" LIBNAME="" DATASET="" ROLE="" MODTIME="." COLUMNMETA="" COLUMNMETAMODTIME="." EMINFO="" EMINFOMODTIME="." NOBS="." DATASOURCE=""/>
<Obs USE="Y" PORT="DOCUMENT" NODELABEL="" NODEPORT="" LIBNAME="" DATASET="" ROLE="" MODTIME="." COLUMNMETA="" COLUMNMETAMODTIME="." EMINFO="" EMINFOMODTIME="." NOBS="." DATASOURCE=""/>
<Obs USE="Y" PORT="CLUSMEAN" NODELABEL="" NODEPORT="" LIBNAME="" DATASET="" ROLE="" MODTIME="." COLUMNMETA="" COLUMNMETAMODTIME="." EMINFO="" EMINFOMODTIME="." NOBS="." DATASOURCE=""/>
<Obs USE="Y" PORT="CLUSSTAT" NODELABEL="" NODEPORT="" LIBNAME="" DATASET="" ROLE="" MODTIME="." COLUMNMETA="" COLUMNMETAMODTIME="." EMINFO="" EMINFOMODTIME="." NOBS="." DATASOURCE=""/>
<Obs USE="Y" PORT="ESTIMATE" NODELABEL="" NODEPORT="" LIBNAME="" DATASET="" ROLE="" MODTIME="." COLUMNMETA="" COLUMNMETAMODTIME="." EMINFO="" EMINFOMODTIME="." NOBS="." DATASOURCE=""/>
<Obs USE="Y" PORT="RANK" NODELABEL="" NODEPORT="" LIBNAME="" DATASET="" ROLE="" MODTIME="." COLUMNMETA="" COLUMNMETAMODTIME="." EMINFO="" EMINFOMODTIME="." NOBS="." DATASOURCE=""/>
<Obs USE="Y" PORT="REPORTFIT" NODELABEL="" NODEPORT="" LIBNAME="" DATASET="" ROLE="" MODTIME="." COLUMNMETA="" COLUMNMETAMODTIME="." EMINFO="" EMINFOMODTIME="." NOBS="." DATASOURCE=""/>
<Obs USE="Y" PORT="RULES" NODELABEL="" NODEPORT="" LIBNAME="" DATASET="" ROLE="" MODTIME="." COLUMNMETA="" COLUMNMETAMODTIME="." EMINFO="" EMINFOMODTIME="." NOBS="." DATASOURCE=""/>
<Obs USE="Y" PORT="SCOREDIST" NODELABEL="" NODEPORT="" LIBNAME="" DATASET="" ROLE="" MODTIME="." COLUMNMETA="" COLUMNMETAMODTIME="." EMINFO="" EMINFOMODTIME="." NOBS="." DATASOURCE=""/>
<Obs USE="Y" PORT="TERMS" NODELABEL="" NODEPORT="" LIBNAME="" DATASET="" ROLE="" MODTIME="." COLUMNMETA="" COLUMNMETAMODTIME="." EMINFO="" EMINFOMODTIME="." NOBS="." DATASOURCE=""/>
<Obs USE="Y" PORT="TREE" NODELABEL="" NODEPORT="" LIBNAME="" DATASET="" ROLE="" MODTIME="." COLUMNMETA="" COLUMNMETAMODTIME="." EMINFO="" EMINFOMODTIME="." NOBS="." DATASOURCE=""/>
<Obs USE="Y" PORT="VARMAP" NODELABEL="" NODEPORT="" LIBNAME="" DATASET="" ROLE="" MODTIME="." COLUMNMETA="" COLUMNMETAMODTIME="." EMINFO="" EMINFOMODTIME="." NOBS="." DATASOURCE=""/>
</Data>
<Metadata>
<Variable NAME="USE" LABEL="" LENGTH="1" FORMAT="" TYPE="C"/>
<Variable NAME="PORT" LABEL="" LENGTH="32" FORMAT="" TYPE="C"/>
<Variable NAME="NODELABEL" LABEL="" LENGTH="32" FORMAT="" TYPE="C"/>
<Variable NAME="NODEPORT" LABEL="" LENGTH="32" FORMAT="" TYPE="C"/>
<Variable NAME="LIBNAME" LABEL="" LENGTH="8" FORMAT="" TYPE="C"/>
<Variable NAME="DATASET" LABEL="" LENGTH="32" FORMAT="" TYPE="C"/>
<Variable NAME="ROLE" LABEL="" LENGTH="20" FORMAT="" TYPE="C"/>
<Variable NAME="MODTIME" LABEL="" LENGTH="8" FORMAT="DATETIME20." TYPE="N"/>
<Variable NAME="COLUMNMETA" LABEL="" LENGTH="32" FORMAT="" TYPE="C"/>
<Variable NAME="COLUMNMETAMODTIME" LABEL="" LENGTH="8" FORMAT="DATETIME20." TYPE="N"/>
<Variable NAME="EMINFO" LABEL="" LENGTH="32" FORMAT="" TYPE="C"/>
<Variable NAME="EMINFOMODTIME" LABEL="" LENGTH="8" FORMAT="DATETIME20." TYPE="N"/>
<Variable NAME="NOBS" LABEL="" LENGTH="8" FORMAT="" TYPE="N"/>
<Variable NAME="DATASOURCE" LABEL="" LENGTH="29" FORMAT="" TYPE="C"/>
</Metadata>
</IMPORTSET>
</EmFileProperties>
</PROPERTIES>
</NODE>
<NODE CLASS="SASHELP.EMMODL.NEURAL.CLASS" COMPONENT="NeuralNetwork" ID="Neural" X="1153" Y="210" DESCRIPTION="Neural Network (All Vars)" DIAGRAMID="_ROOT_" PARENTID="" TOOLTYPE="MODEL" TOOLPREFIX="Neural">
<PROPERTIES UseEstimates="N" NetworkArchitecture="MLP" DirectConnection="N" Hidden="3" Prelim="N" PreliminaryRuns="5" PrelimMaxiter="10" PrelimMaxTime="1 HOUR" Maxiter="100" Maxtime="4 HOURS" TrainingTechnique="DEFAULT" ConvDefaults="Y" AbsConvValue="-1.34078E154" AbsFValue="0" AbsFTime="1" AbsGValue="1E-5" AbsGTime="1" AbsXValue="1E-8" AbsXTime="1" FConvValue="0" FConvTime="1" GConvValue="1E-6" GConvTime="1" ModelSelectionCriterion="PROFIT/LOSS" SuppressOutput="N" Residuals="Y" Standardizations="N" HiddenUnits="N" TrainCode="" PrelimOutest="" Outest="" Outfit="" InitialDs="" CodefileRes="" CodefileNoRes="" AddHidden="Y" HiddenCombFunction="DEFAULT" HiddenActivation="DEFAULT" HiddenBias="Y" TargetCombFunction="DEFAULT" TargetActivation="DEFAULT" TargetError="DEFAULT" TargetBias="Y" InitialSeed="12345" RandDist="NORMAL" RandScale="0.1" RandLoc="0" InputStandardization="STD" WeightDecay="0" Accelerate="1.2" Decelerate="0.5" Learn="0.1" MaxLearn="50" MinLearn="1E-5" Momentum="0" MaxMomentum="1.75" Tilt="0" ForceRun="N" RunAction="Train" Component="NeuralNetwork">
<VariableProperties/>
<EmVariableAttributes/>
<EmTargetAttributes>
<TargetB>
<DecData Table="EMWS2.Neural_TargetB_DD">
<Data>
<Obs TARGETB="1" COUNT="2421" DATAPRIOR="0.4998967582" TRAINPRIOR="0.4998967582" DECPRIOR="." DECISION1="1" DECISION2="0"/>
<Obs TARGETB="0" COUNT="2422" DATAPRIOR="0.5001032418" TRAINPRIOR="0.5001032418" DECPRIOR="." DECISION1="0" DECISION2="1"/>
</Data>
<Metadata>
<Variable NAME="TargetB" LABEL="" LENGTH="32" FORMAT="" TYPE="C"/>
<Variable NAME="COUNT" LABEL="Level Counts" LENGTH="8" FORMAT="" TYPE="N"/>
<Variable NAME="DATAPRIOR" LABEL="Data Proportions" LENGTH="8" FORMAT="" TYPE="N"/>
<Variable NAME="TRAINPRIOR" LABEL="Training Proportions" LENGTH="8" FORMAT="" TYPE="N"/>
<Variable NAME="DECPRIOR" LABEL="Decision Priors" LENGTH="8" FORMAT="" TYPE="N"/>
<Variable NAME="DECISION1" LABEL="1" LENGTH="8" FORMAT="" TYPE="N"/>
<Variable NAME="DECISION2" LABEL="0" LENGTH="8" FORMAT="" TYPE="N"/>
</Metadata>
</DecData>
<DecMeta Table="EMWS2.Neural_TargetB_DM">
<Data>
<Obs _TYPE_="MATRIX" VARIABLE="" LABEL="" LEVEL="PROFIT" EVENT="" ORDER="" FORMAT="" TYPE="" COST="" USE="N"/>
<Obs _TYPE_="TARGET" VARIABLE="TargetB" LABEL="Target Gift Flag" LEVEL="BINARY" EVENT="1" ORDER="" FORMAT="" TYPE="N" COST="" USE=""/>
<Obs _TYPE_="DECISION" VARIABLE="DECISION1" LABEL="1" LEVEL="" EVENT="" ORDER="" FORMAT="" TYPE="N" COST="" USE="Y"/>
<Obs _TYPE_="DECISION" VARIABLE="DECISION2" LABEL="0" LEVEL="" EVENT="" ORDER="" FORMAT="" TYPE="N" COST="" USE="Y"/>
<Obs _TYPE_="DATAPRIOR" VARIABLE="DATAPRIOR" LABEL="Data Prior" LEVEL="" EVENT="" ORDER="" FORMAT="" TYPE="N" COST="" USE="N"/>
<Obs _TYPE_="TRAINPRIOR" VARIABLE="TRAINPRIOR" LABEL="Training Prior" LEVEL="" EVENT="" ORDER="" FORMAT="" TYPE="N" COST="" USE="N"/>
<Obs _TYPE_="DECPRIOR" VARIABLE="DECPRIOR" LABEL="Decision Prior" LEVEL="" EVENT="" ORDER="" FORMAT="" TYPE="N" COST="" USE="N"/>
<Obs _TYPE_="PREDICTED" VARIABLE="P_TargetB1" LABEL="Predicted: TargetB=1" LEVEL="1" EVENT="" ORDER="" FORMAT="" TYPE="N" COST="" USE=""/>
<Obs _TYPE_="RESIDUAL" VARIABLE="R_TargetB1" LABEL="Residual: TargetB=1" LEVEL="1" EVENT="" ORDER="" FORMAT="" TYPE="N" COST="" USE=""/>
<Obs _TYPE_="PREDICTED" VARIABLE="P_TargetB0" LABEL="Predicted: TargetB=0" LEVEL="0" EVENT="" ORDER="" FORMAT="" TYPE="N" COST="" USE=""/>
<Obs _TYPE_="RESIDUAL" VARIABLE="R_TargetB0" LABEL="Residual: TargetB=0" LEVEL="0" EVENT="" ORDER="" FORMAT="" TYPE="N" COST="" USE=""/>
<Obs _TYPE_="FROM" VARIABLE="F_TargetB" LABEL="From: TargetB" LEVEL="" EVENT="" ORDER="" FORMAT="" TYPE="C" COST="" USE=""/>
<Obs _TYPE_="INTO" VARIABLE="I_TargetB" LABEL="Into: TargetB" LEVEL="" EVENT="" ORDER="" FORMAT="" TYPE="C" COST="" USE=""/>
</Data>
<Metadata>
<Variable NAME="_TYPE_" LABEL="Type" LENGTH="32" FORMAT="" TYPE="C"/>
<Variable NAME="VARIABLE" LABEL="Variable" LENGTH="32" FORMAT="" TYPE="C"/>
<Variable NAME="LABEL" LABEL="Label" LENGTH="256" FORMAT="" TYPE="C"/>
<Variable NAME="LEVEL" LABEL="Measurement Level" LENGTH="32" FORMAT="" TYPE="C"/>
<Variable NAME="EVENT" LABEL="Target Event" LENGTH="32" FORMAT="" TYPE="C"/>
<Variable NAME="ORDER" LABEL="Order" LENGTH="10" FORMAT="" TYPE="C"/>
<Variable NAME="FORMAT" LABEL="Format" LENGTH="32" FORMAT="" TYPE="C"/>
<Variable NAME="TYPE" LABEL="Type" LENGTH="1" FORMAT="" TYPE="C"/>
<Variable NAME="COST" LABEL="Cost" LENGTH="32" FORMAT="" TYPE="C"/>
<Variable NAME="USE" LABEL="Use" LENGTH="1" FORMAT="" TYPE="C"/>
</Metadata>
</DecMeta>
</TargetB>
</EmTargetAttributes>
<EmFileProperties>
<EMNOTES Type="EXTERNAL" Extension="txt">
<Data/>
</EMNOTES>
</EmFileProperties>
</PROPERTIES>
</NODE>
<NODE CLASS="SASHELP.EMMODL.NEURAL.CLASS" COMPONENT="NeuralNetwork" ID="Neural2" X="1351" Y="507" DESCRIPTION="Neural Network (Var Selection)" DIAGRAMID="_ROOT_" PARENTID="" TOOLTYPE="MODEL" TOOLPREFIX="Neural">
<PROPERTIES UseEstimates="N" NetworkArchitecture="MLP" DirectConnection="N" Hidden="3" Prelim="N" PreliminaryRuns="5" PrelimMaxiter="10" PrelimMaxTime="1 HOUR" Maxiter="50" Maxtime="4 HOURS" TrainingTechnique="DEFAULT" ConvDefaults="Y" AbsConvValue="-1.34078E154" AbsFValue="0" AbsFTime="1" AbsGValue="1E-5" AbsGTime="1" AbsXValue="1E-8" AbsXTime="1" FConvValue="0" FConvTime="1" GConvValue="1E-6" GConvTime="1" ModelSelectionCriterion="PROFIT/LOSS" SuppressOutput="N" Residuals="Y" Standardizations="N" HiddenUnits="N" TrainCode="" PrelimOutest="" Outest="" Outfit="" InitialDs="" CodefileRes="" CodefileNoRes="" AddHidden="Y" HiddenCombFunction="DEFAULT" HiddenActivation="DEFAULT" HiddenBias="Y" TargetCombFunction="DEFAULT" TargetActivation="DEFAULT" TargetError="DEFAULT" TargetBias="Y" InitialSeed="12345" RandDist="NORMAL" RandScale="0.1" RandLoc="0" InputStandardization="STD" WeightDecay="0" Accelerate="1.2" Decelerate="0.5" Learn="0.1" MaxLearn="50" MinLearn="1E-5" Momentum="0" MaxMomentum="1.75" Tilt="0" ForceRun="N" RunAction="Train" Component="NeuralNetwork">
<VariableProperties/>
<EmTargetAttributes/>
<EmVariableAttributes/>
<EmFileProperties>
<EMNOTES Type="EXTERNAL" Extension="txt">
<Data/>
</EMNOTES>
</EmFileProperties>
</PROPERTIES>
</NODE>
<NODE CLASS="SASHELP.EMMODL.NEURAL.CLASS" COMPONENT="NeuralNetwork" ID="Neural3" X="1390" Y="590" DESCRIPTION="Neural Network (6 Neurons, Var Selection)" DIAGRAMID="_ROOT_" PARENTID="" TOOLTYPE="MODEL" TOOLPREFIX="Neural">
<PROPERTIES UseEstimates="N" NetworkArchitecture="MLP" DirectConnection="N" Hidden="6" Prelim="N" PreliminaryRuns="5" PrelimMaxiter="10" PrelimMaxTime="1 HOUR" Maxiter="50" Maxtime="4 HOURS" TrainingTechnique="DEFAULT" ConvDefaults="Y" AbsConvValue="-1.34078E154" AbsFValue="0" AbsFTime="1" AbsGValue="0.00001" AbsGTime="1" AbsXValue="1E-8" AbsXTime="1" FConvValue="0" FConvTime="1" GConvValue="1E-6" GConvTime="1" ModelSelectionCriterion="PROFIT/LOSS" SuppressOutput="N" Residuals="Y" Standardizations="N" HiddenUnits="N" TrainCode="" PrelimOutest="" Outest="" Outfit="" InitialDs="" CodefileRes="" CodefileNoRes="" AddHidden="Y" HiddenCombFunction="DEFAULT" HiddenActivation="DEFAULT" HiddenBias="Y" TargetCombFunction="DEFAULT" TargetActivation="DEFAULT" TargetError="DEFAULT" TargetBias="Y" InitialSeed="12345" RandDist="NORMAL" RandScale="0.1" RandLoc="0" InputStandardization="STD" WeightDecay="0" Accelerate="1.2" Decelerate="0.5" Learn="0.1" MaxLearn="50" MinLearn="0.00001" Momentum="0" MaxMomentum="1.75" Tilt="0" ForceRun="N" RunAction="Train" Component="NeuralNetwork">
<VariableProperties/>
<EmTargetAttributes/>
<EmVariableAttributes/>
<EmFileProperties>
<EMNOTES Type="EXTERNAL" Extension="txt">
<Data/>
</EMNOTES>
</EmFileProperties>
</PROPERTIES>
</NODE>
<NODE CLASS="SASHELP.EMMODL.NEURAL.CLASS" COMPONENT="NeuralNetwork" ID="Neural4" X="1379" Y="751" DESCRIPTION="Neural Network (RBF)" DIAGRAMID="_ROOT_" PARENTID="" TOOLTYPE="MODEL" TOOLPREFIX="Neural">
<PROPERTIES UseEstimates="N" NetworkArchitecture="ORBFUN" DirectConnection="N" Hidden="3" Prelim="Y" PreliminaryRuns="5" PrelimMaxiter="10" PrelimMaxTime="1 HOUR" Maxiter="50" Maxtime="4 HOURS" TrainingTechnique="DEFAULT" ConvDefaults="Y" AbsConvValue="-1.34078E154" AbsFValue="0" AbsFTime="1" AbsGValue="0.00001" AbsGTime="1" AbsXValue="1E-8" AbsXTime="1" FConvValue="0" FConvTime="1" GConvValue="1E-6" GConvTime="1" ModelSelectionCriterion="PROFIT/LOSS" SuppressOutput="N" Residuals="Y" Standardizations="N" HiddenUnits="N" TrainCode="" PrelimOutest="" Outest="" Outfit="" InitialDs="" CodefileRes="" CodefileNoRes="" AddHidden="Y" HiddenCombFunction="DEFAULT" HiddenActivation="DEFAULT" HiddenBias="Y" TargetCombFunction="DEFAULT" TargetActivation="DEFAULT" TargetError="DEFAULT" TargetBias="Y" InitialSeed="12345" RandDist="NORMAL" RandScale="0.1" RandLoc="0" InputStandardization="STD" WeightDecay="0" Accelerate="1.2" Decelerate="0.5" Learn="0.1" MaxLearn="50" MinLearn="0.00001" Momentum="0" MaxMomentum="1.75" Tilt="0" ForceRun="N" RunAction="Train" Component="NeuralNetwork">
<VariableProperties/>
<EmVariableAttributes/>
<EmTargetAttributes/>
<EmFileProperties>
<EMNOTES Type="EXTERNAL" Extension="txt">
<Data/>
</EMNOTES>
</EmFileProperties>
</PROPERTIES>
</NODE>
<NODE CLASS="SASHELP.EMSAMP.EMDPART.CLASS" COMPONENT="Partition" ID="Part" X="714" Y="66" DESCRIPTION="Data Partition" DIAGRAMID="_ROOT_" PARENTID="" TOOLTYPE="SAMPLE" TOOLPREFIX="Part">
<PROPERTIES Method="DEFAULT" TrainPct="50" ValidatePct="50" TestPct="0" RandomSeed="12345" OutputType="DATA" IntervalDistribution="Y" ClassDistribution="Y" ForceRun="N" RunAction="Train" Component="Partition">
<VariableProperties/>
<EmVariableAttributes/>
<EmTargetAttributes/>
<EmFileProperties>
<EMNOTES Type="EXTERNAL" Extension="txt">
<Data/>
</EMNOTES>
</EmFileProperties>
</PROPERTIES>
</NODE>
<NODE CLASS="SASHELP.EMMODL.REGRESSION.CLASS" COMPONENT="Regression" ID="Reg" X="1140" Y="298" DESCRIPTION="Regression (No selection)" DIAGRAMID="_ROOT_" PARENTID="" TOOLTYPE="MODEL" TOOLPREFIX="Reg">
<PROPERTIES MainEffect="Y" TwoFactor="N" Polynomial="N" PolynomialDegree="2" Terms="N" Error="LOGISTIC" LinkFunction="LOGIT" SuppressIntercept="N" InputCoding="DEVIATION" MinResourceUse="N" ModelSelection="NONE" SelectionCriterion="DEFAULT" SelectionDefault="Y" Sequential="N" SlEntry="0.05" SlStay="0.05" Start="0" Stop="0" Force="0" Hierarchy="CLASS" Rule="NONE" MaxStep="." StepOutput="N" OptimizationTechnique="DEFAULT" ModelDefaults="Y" MaxIterations="." MaxFunctionCalls="." MaxCPUTime="1 HOUR" ConvDefaults="Y" AbsConvValue="-1.34078E154" AbsFValue="0" AbsFTime="1" AbsGValue="0.00001" AbsGTime="1" AbsXValue="1E-8" AbsXTime="1" FConvValue="0" FConvTimes="1" GConvValue="1E-6" GConvTimes="1" ClParm="N" Covout="N" CovB="N" CorB="N" Simple="N" SuppressOutput="N" Details="N" PrintDesignMatrix="N" SASSPDS="N" Performance="N" ExcludedVariable="REJECT" ForceRun="N" RunAction="Train" Component="Regression" Interactions="">
<VariableProperties/>
<EmVariableAttributes>
<DELTA Variable="StatusCat96NK" AttributeName="ROLE" AttributeValue="INPUT"/>
</EmVariableAttributes>
<EmTargetAttributes>
<TargetB>
<DecData Table="EMWS2.Reg_TargetB_DD">
<Data>
<Obs TARGETB="1" COUNT="2421" DATAPRIOR="0.4998967582" TRAINPRIOR="0.4998967582" DECPRIOR="." DECISION1="1" DECISION2="0"/>
<Obs TARGETB="0" COUNT="2422" DATAPRIOR="0.5001032418" TRAINPRIOR="0.5001032418" DECPRIOR="." DECISION1="0" DECISION2="1"/>
</Data>
<Metadata>
<Variable NAME="TargetB" LABEL="" LENGTH="32" FORMAT="" TYPE="C"/>
<Variable NAME="COUNT" LABEL="Level Counts" LENGTH="8" FORMAT="" TYPE="N"/>
<Variable NAME="DATAPRIOR" LABEL="Data Proportions" LENGTH="8" FORMAT="" TYPE="N"/>
<Variable NAME="TRAINPRIOR" LABEL="Training Proportions" LENGTH="8" FORMAT="" TYPE="N"/>
<Variable NAME="DECPRIOR" LABEL="Decision Priors" LENGTH="8" FORMAT="" TYPE="N"/>
<Variable NAME="DECISION1" LABEL="1" LENGTH="8" FORMAT="" TYPE="N"/>
<Variable NAME="DECISION2" LABEL="0" LENGTH="8" FORMAT="" TYPE="N"/>
</Metadata>
</DecData>
<DecMeta Table="EMWS2.Reg_TargetB_DM">
<Data>
<Obs _TYPE_="MATRIX" VARIABLE="" LABEL="" LEVEL="PROFIT" EVENT="" ORDER="" FORMAT="" TYPE="" COST="" USE="N"/>
<Obs _TYPE_="TARGET" VARIABLE="TargetB" LABEL="Target Gift Flag" LEVEL="BINARY" EVENT="1" ORDER="" FORMAT="" TYPE="N" COST="" USE=""/>
<Obs _TYPE_="DECISION" VARIABLE="DECISION1" LABEL="1" LEVEL="" EVENT="" ORDER="" FORMAT="" TYPE="N" COST="" USE="Y"/>
<Obs _TYPE_="DECISION" VARIABLE="DECISION2" LABEL="0" LEVEL="" EVENT="" ORDER="" FORMAT="" TYPE="N" COST="" USE="Y"/>
<Obs _TYPE_="DATAPRIOR" VARIABLE="DATAPRIOR" LABEL="Data Prior" LEVEL="" EVENT="" ORDER="" FORMAT="" TYPE="N" COST="" USE="N"/>
<Obs _TYPE_="TRAINPRIOR" VARIABLE="TRAINPRIOR" LABEL="Training Prior" LEVEL="" EVENT="" ORDER="" FORMAT="" TYPE="N" COST="" USE="N"/>
<Obs _TYPE_="DECPRIOR" VARIABLE="DECPRIOR" LABEL="Decision Prior" LEVEL="" EVENT="" ORDER="" FORMAT="" TYPE="N" COST="" USE="N"/>
<Obs _TYPE_="PREDICTED" VARIABLE="P_TargetB1" LABEL="Predicted: TargetB=1" LEVEL="1" EVENT="" ORDER="" FORMAT="" TYPE="N" COST="" USE=""/>
<Obs _TYPE_="RESIDUAL" VARIABLE="R_TargetB1" LABEL="Residual: TargetB=1" LEVEL="1" EVENT="" ORDER="" FORMAT="" TYPE="N" COST="" USE=""/>
<Obs _TYPE_="PREDICTED" VARIABLE="P_TargetB0" LABEL="Predicted: TargetB=0" LEVEL="0" EVENT="" ORDER="" FORMAT="" TYPE="N" COST="" USE=""/>
<Obs _TYPE_="RESIDUAL" VARIABLE="R_TargetB0" LABEL="Residual: TargetB=0" LEVEL="0" EVENT="" ORDER="" FORMAT="" TYPE="N" COST="" USE=""/>
<Obs _TYPE_="FROM" VARIABLE="F_TargetB" LABEL="From: TargetB" LEVEL="" EVENT="" ORDER="" FORMAT="" TYPE="C" COST="" USE=""/>
<Obs _TYPE_="INTO" VARIABLE="I_TargetB" LABEL="Into: TargetB" LEVEL="" EVENT="" ORDER="" FORMAT="" TYPE="C" COST="" USE=""/>
</Data>
<Metadata>
<Variable NAME="_TYPE_" LABEL="Type" LENGTH="32" FORMAT="" TYPE="C"/>
<Variable NAME="VARIABLE" LABEL="Variable" LENGTH="32" FORMAT="" TYPE="C"/>
<Variable NAME="LABEL" LABEL="Label" LENGTH="256" FORMAT="" TYPE="C"/>
<Variable NAME="LEVEL" LABEL="Measurement Level" LENGTH="32" FORMAT="" TYPE="C"/>
<Variable NAME="EVENT" LABEL="Target Event" LENGTH="32" FORMAT="" TYPE="C"/>
<Variable NAME="ORDER" LABEL="Order" LENGTH="10" FORMAT="" TYPE="C"/>
<Variable NAME="FORMAT" LABEL="Format" LENGTH="32" FORMAT="" TYPE="C"/>
<Variable NAME="TYPE" LABEL="Type" LENGTH="1" FORMAT="" TYPE="C"/>
<Variable NAME="COST" LABEL="Cost" LENGTH="32" FORMAT="" TYPE="C"/>
<Variable NAME="USE" LABEL="Use" LENGTH="1" FORMAT="" TYPE="C"/>
</Metadata>
</DecMeta>
</TargetB>
</EmTargetAttributes>
<EmFileProperties>
<EMNOTES Type="EXTERNAL" Extension="txt">
<Data/>
</EMNOTES>
</EmFileProperties>
</PROPERTIES>
</NODE>
<NODE CLASS="SASHELP.EMMODL.REGRESSION.CLASS" COMPONENT="Regression" ID="Reg2" X="1144" Y="395" DESCRIPTION="Regression (Stepwise)" DIAGRAMID="_ROOT_" PARENTID="" TOOLTYPE="MODEL" TOOLPREFIX="Reg">
<PROPERTIES MainEffect="Y" TwoFactor="N" Polynomial="N" PolynomialDegree="2" Terms="N" Error="LOGISTIC" LinkFunction="LOGIT" SuppressIntercept="N" InputCoding="DEVIATION" MinResourceUse="N" ModelSelection="STEPWISE" SelectionCriterion="DEFAULT" SelectionDefault="Y" Sequential="N" SlEntry="0.05" SlStay="0.05" Start="0" Stop="0" Force="0" Hierarchy="CLASS" Rule="NONE" MaxStep="." StepOutput="N" OptimizationTechnique="DEFAULT" ModelDefaults="Y" MaxIterations="." MaxFunctionCalls="." MaxCPUTime="1 HOUR" ConvDefaults="Y" AbsConvValue="-1.34078E154" AbsFValue="0" AbsFTime="1" AbsGValue="0.00001" AbsGTime="1" AbsXValue="1E-8" AbsXTime="1" FConvValue="0" FConvTimes="1" GConvValue="1E-6" GConvTimes="1" ClParm="N" Covout="N" CovB="N" CorB="N" Simple="N" SuppressOutput="N" Details="N" PrintDesignMatrix="N" SASSPDS="N" Performance="N" ExcludedVariable="REJECT" ForceRun="N" RunAction="Train" Component="Regression" Interactions="">
<VariableProperties/>
<EmTargetAttributes>
<TargetB>
<DecData Table="EMWS2.Reg2_TargetB_DD">
<Data>
<Obs TARGETB="1" COUNT="2421" DATAPRIOR="0.4998967582" TRAINPRIOR="0.4998967582" DECPRIOR="." DECISION1="1" DECISION2="0"/>
<Obs TARGETB="0" COUNT="2422" DATAPRIOR="0.5001032418" TRAINPRIOR="0.5001032418" DECPRIOR="." DECISION1="0" DECISION2="1"/>
</Data>
<Metadata>
<Variable NAME="TargetB" LABEL="" LENGTH="32" FORMAT="" TYPE="C"/>
<Variable NAME="COUNT" LABEL="Level Counts" LENGTH="8" FORMAT="" TYPE="N"/>
<Variable NAME="DATAPRIOR" LABEL="Data Proportions" LENGTH="8" FORMAT="" TYPE="N"/>
<Variable NAME="TRAINPRIOR" LABEL="Training Proportions" LENGTH="8" FORMAT="" TYPE="N"/>
<Variable NAME="DECPRIOR" LABEL="Decision Priors" LENGTH="8" FORMAT="" TYPE="N"/>
<Variable NAME="DECISION1" LABEL="1" LENGTH="8" FORMAT="" TYPE="N"/>
<Variable NAME="DECISION2" LABEL="0" LENGTH="8" FORMAT="" TYPE="N"/>
</Metadata>
</DecData>
<DecMeta Table="EMWS2.Reg2_TargetB_DM">
<Data>
<Obs _TYPE_="MATRIX" VARIABLE="" LABEL="" LEVEL="PROFIT" EVENT="" ORDER="" FORMAT="" TYPE="" COST="" USE="N"/>
<Obs _TYPE_="TARGET" VARIABLE="TargetB" LABEL="Target Gift Flag" LEVEL="BINARY" EVENT="1" ORDER="" FORMAT="" TYPE="N" COST="" USE=""/>
<Obs _TYPE_="DECISION" VARIABLE="DECISION1" LABEL="1" LEVEL="" EVENT="" ORDER="" FORMAT="" TYPE="N" COST="" USE="Y"/>
<Obs _TYPE_="DECISION" VARIABLE="DECISION2" LABEL="0" LEVEL="" EVENT="" ORDER="" FORMAT="" TYPE="N" COST="" USE="Y"/>
<Obs _TYPE_="DATAPRIOR" VARIABLE="DATAPRIOR" LABEL="Data Prior" LEVEL="" EVENT="" ORDER="" FORMAT="" TYPE="N" COST="" USE="N"/>
<Obs _TYPE_="TRAINPRIOR" VARIABLE="TRAINPRIOR" LABEL="Training Prior" LEVEL="" EVENT="" ORDER="" FORMAT="" TYPE="N" COST="" USE="N"/>
<Obs _TYPE_="DECPRIOR" VARIABLE="DECPRIOR" LABEL="Decision Prior" LEVEL="" EVENT="" ORDER="" FORMAT="" TYPE="N" COST="" USE="N"/>
<Obs _TYPE_="PREDICTED" VARIABLE="P_TargetB1" LABEL="Predicted: TargetB=1" LEVEL="1" EVENT="" ORDER="" FORMAT="" TYPE="N" COST="" USE=""/>
<Obs _TYPE_="RESIDUAL" VARIABLE="R_TargetB1" LABEL="Residual: TargetB=1" LEVEL="1" EVENT="" ORDER="" FORMAT="" TYPE="N" COST="" USE=""/>
<Obs _TYPE_="PREDICTED" VARIABLE="P_TargetB0" LABEL="Predicted: TargetB=0" LEVEL="0" EVENT="" ORDER="" FORMAT="" TYPE="N" COST="" USE=""/>
<Obs _TYPE_="RESIDUAL" VARIABLE="R_TargetB0" LABEL="Residual: TargetB=0" LEVEL="0" EVENT="" ORDER="" FORMAT="" TYPE="N" COST="" USE=""/>
<Obs _TYPE_="FROM" VARIABLE="F_TargetB" LABEL="From: TargetB" LEVEL="" EVENT="" ORDER="" FORMAT="" TYPE="C" COST="" USE=""/>
<Obs _TYPE_="INTO" VARIABLE="I_TargetB" LABEL="Into: TargetB" LEVEL="" EVENT="" ORDER="" FORMAT="" TYPE="C" COST="" USE=""/>
</Data>
<Metadata>
<Variable NAME="_TYPE_" LABEL="Type" LENGTH="32" FORMAT="" TYPE="C"/>
<Variable NAME="VARIABLE" LABEL="Variable" LENGTH="32" FORMAT="" TYPE="C"/>
<Variable NAME="LABEL" LABEL="Label" LENGTH="256" FORMAT="" TYPE="C"/>
<Variable NAME="LEVEL" LABEL="Measurement Level" LENGTH="32" FORMAT="" TYPE="C"/>
<Variable NAME="EVENT" LABEL="Target Event" LENGTH="32" FORMAT="" TYPE="C"/>
<Variable NAME="ORDER" LABEL="Order" LENGTH="10" FORMAT="" TYPE="C"/>
<Variable NAME="FORMAT" LABEL="Format" LENGTH="32" FORMAT="" TYPE="C"/>
<Variable NAME="TYPE" LABEL="Type" LENGTH="1" FORMAT="" TYPE="C"/>
<Variable NAME="COST" LABEL="Cost" LENGTH="32" FORMAT="" TYPE="C"/>
<Variable NAME="USE" LABEL="Use" LENGTH="1" FORMAT="" TYPE="C"/>
</Metadata>
</DecMeta>
</TargetB>
</EmTargetAttributes>
<EmVariableAttributes/>
<EmFileProperties>
<EMNOTES Type="EXTERNAL" Extension="txt">
<Data/>
</EMNOTES>
</EmFileProperties>
</PROPERTIES>
</NODE>
<NODE CLASS="SASHELP.EMMODL.REGRESSION.CLASS" COMPONENT="Regression" ID="Reg3" X="1156" Y="506" DESCRIPTION="Regression (Optimal)" DIAGRAMID="_ROOT_" PARENTID="" TOOLTYPE="MODEL" TOOLPREFIX="Reg">
<PROPERTIES MainEffect="Y" TwoFactor="N" Polynomial="N" PolynomialDegree="2" Terms="N" Error="LOGISTIC" LinkFunction="LOGIT" SuppressIntercept="N" InputCoding="DEVIATION" MinResourceUse="N" ModelSelection="STEPWISE" SelectionCriterion="VERROR" SelectionDefault="N" Sequential="N" SlEntry="1" SlStay="0.5" Start="0" Stop="0" Force="0" Hierarchy="CLASS" Rule="NONE" MaxStep="30" StepOutput="N" OptimizationTechnique="DEFAULT" ModelDefaults="Y" MaxIterations="." MaxFunctionCalls="." MaxCPUTime="1 HOUR" ConvDefaults="Y" AbsConvValue="-1.34078E154" AbsFValue="0" AbsFTime="1" AbsGValue="0.00001" AbsGTime="1" AbsXValue="1E-8" AbsXTime="1" FConvValue="0" FConvTimes="1" GConvValue="1E-6" GConvTimes="1" ClParm="N" Covout="N" CovB="N" CorB="N" Simple="N" SuppressOutput="N" Details="N" PrintDesignMatrix="N" SASSPDS="N" Performance="N" ExcludedVariable="REJECT" ForceRun="N" RunAction="Train" Component="Regression" Interactions="">
<VariableProperties/>
<EmTargetAttributes>
<TargetB>
<DecData Table="EMWS2.Reg3_TargetB_DD">
<Data>
<Obs TARGETB="1" COUNT="2421" DATAPRIOR="0.4998967582" TRAINPRIOR="0.4998967582" DECPRIOR="." DECISION1="1" DECISION2="0"/>
<Obs TARGETB="0" COUNT="2422" DATAPRIOR="0.5001032418" TRAINPRIOR="0.5001032418" DECPRIOR="." DECISION1="0" DECISION2="1"/>
</Data>
<Metadata>
<Variable NAME="TargetB" LABEL="" LENGTH="32" FORMAT="" TYPE="C"/>
<Variable NAME="COUNT" LABEL="Level Counts" LENGTH="8" FORMAT="" TYPE="N"/>
<Variable NAME="DATAPRIOR" LABEL="Data Proportions" LENGTH="8" FORMAT="" TYPE="N"/>
<Variable NAME="TRAINPRIOR" LABEL="Training Proportions" LENGTH="8" FORMAT="" TYPE="N"/>
<Variable NAME="DECPRIOR" LABEL="Decision Priors" LENGTH="8" FORMAT="" TYPE="N"/>
<Variable NAME="DECISION1" LABEL="1" LENGTH="8" FORMAT="" TYPE="N"/>
<Variable NAME="DECISION2" LABEL="0" LENGTH="8" FORMAT="" TYPE="N"/>
</Metadata>
</DecData>
<DecMeta Table="EMWS2.Reg3_TargetB_DM">
<Data>
<Obs _TYPE_="MATRIX" VARIABLE="" LABEL="" LEVEL="PROFIT" EVENT="" ORDER="" FORMAT="" TYPE="" COST="" USE="N"/>
<Obs _TYPE_="TARGET" VARIABLE="TargetB" LABEL="Target Gift Flag" LEVEL="BINARY" EVENT="1" ORDER="" FORMAT="" TYPE="N" COST="" USE=""/>
<Obs _TYPE_="DECISION" VARIABLE="DECISION1" LABEL="1" LEVEL="" EVENT="" ORDER="" FORMAT="" TYPE="N" COST="" USE="Y"/>
<Obs _TYPE_="DECISION" VARIABLE="DECISION2" LABEL="0" LEVEL="" EVENT="" ORDER="" FORMAT="" TYPE="N" COST="" USE="Y"/>
<Obs _TYPE_="DATAPRIOR" VARIABLE="DATAPRIOR" LABEL="Data Prior" LEVEL="" EVENT="" ORDER="" FORMAT="" TYPE="N" COST="" USE="N"/>
<Obs _TYPE_="TRAINPRIOR" VARIABLE="TRAINPRIOR" LABEL="Training Prior" LEVEL="" EVENT="" ORDER="" FORMAT="" TYPE="N" COST="" USE="N"/>
<Obs _TYPE_="DECPRIOR" VARIABLE="DECPRIOR" LABEL="Decision Prior" LEVEL="" EVENT="" ORDER="" FORMAT="" TYPE="N" COST="" USE="N"/>
<Obs _TYPE_="PREDICTED" VARIABLE="P_TargetB1" LABEL="Predicted: TargetB=1" LEVEL="1" EVENT="" ORDER="" FORMAT="" TYPE="N" COST="" USE=""/>
<Obs _TYPE_="RESIDUAL" VARIABLE="R_TargetB1" LABEL="Residual: TargetB=1" LEVEL="1" EVENT="" ORDER="" FORMAT="" TYPE="N" COST="" USE=""/>
<Obs _TYPE_="PREDICTED" VARIABLE="P_TargetB0" LABEL="Predicted: TargetB=0" LEVEL="0" EVENT="" ORDER="" FORMAT="" TYPE="N" COST="" USE=""/>
<Obs _TYPE_="RESIDUAL" VARIABLE="R_TargetB0" LABEL="Residual: TargetB=0" LEVEL="0" EVENT="" ORDER="" FORMAT="" TYPE="N" COST="" USE=""/>
<Obs _TYPE_="FROM" VARIABLE="F_TargetB" LABEL="From: TargetB" LEVEL="" EVENT="" ORDER="" FORMAT="" TYPE="C" COST="" USE=""/>
<Obs _TYPE_="INTO" VARIABLE="I_TargetB" LABEL="Into: TargetB" LEVEL="" EVENT="" ORDER="" FORMAT="" TYPE="C" COST="" USE=""/>
</Data>
<Metadata>
<Variable NAME="_TYPE_" LABEL="Type" LENGTH="32" FORMAT="" TYPE="C"/>
<Variable NAME="VARIABLE" LABEL="Variable" LENGTH="32" FORMAT="" TYPE="C"/>
<Variable NAME="LABEL" LABEL="Label" LENGTH="256" FORMAT="" TYPE="C"/>
<Variable NAME="LEVEL" LABEL="Measurement Level" LENGTH="32" FORMAT="" TYPE="C"/>
<Variable NAME="EVENT" LABEL="Target Event" LENGTH="32" FORMAT="" TYPE="C"/>
<Variable NAME="ORDER" LABEL="Order" LENGTH="10" FORMAT="" TYPE="C"/>
<Variable NAME="FORMAT" LABEL="Format" LENGTH="32" FORMAT="" TYPE="C"/>
<Variable NAME="TYPE" LABEL="Type" LENGTH="1" FORMAT="" TYPE="C"/>
<Variable NAME="COST" LABEL="Cost" LENGTH="32" FORMAT="" TYPE="C"/>
<Variable NAME="USE" LABEL="Use" LENGTH="1" FORMAT="" TYPE="C"/>
</Metadata>
</DecMeta>
</TargetB>
</EmTargetAttributes>
<EmVariableAttributes/>
<EmFileProperties>
<EMNOTES Type="EXTERNAL" Extension="txt">
<Data/>
</EMNOTES>
</EmFileProperties>
</PROPERTIES>
</NODE>
<NODE CLASS="SASHELP.EMCORE.EXTENSION.CLASS" COMPONENT="Replace" ID="Repl" X="516" Y="66" DESCRIPTION="Replacement" DIAGRAMID="_ROOT_" PARENTID="" TOOLTYPE="MODIFY" TOOLPREFIX="Repl">
<PROPERTIES Location="CATALOG" Catalog="SASHELP.EMMDFY.REPLACE.SOURCE" HideVariable="N" UnknownLevel="NONE" ReplaceMethod="MISSING" CalcMethod="NONE" MADSCutoff="9.0" SpacingsCutoff="9.0" StddevCutoff="3.0" PercentsCutoff="0.5" CountReport="Y" ForceRun="N" RunAction="Train" Component="Replace" IntervalMethod="NONE" DataNeeded="Y">
<VariableProperties/>
<EmVariableAttributes>
<DELTA Variable="DemMedIncome" AttributeName="CALCMETHOD" AttributeValue="MANUAL"/>
<DELTA Variable="DemMedIncome" AttributeName="INTERVALMIN" AttributeValue="1"/>
</EmVariableAttributes>
<EmTargetAttributes/>
<EmFileProperties>
<USERTRAINCODE Type="EXTERNAL" Extension="sas">
<Data/>
</USERTRAINCODE>
<NEWVALUES Type="DATA">
<Data>
<Obs NAME="DemCluster" LEVEL="_UNKNOWN_" TYPE="C" REPLACE_VALUE="_DEFAULT_"/>
<Obs NAME="DemGender" LEVEL="_UNKNOWN_" TYPE="C" REPLACE_VALUE="_DEFAULT_"/>
<Obs NAME="DemHomeOwner" LEVEL="_UNKNOWN_" TYPE="C" REPLACE_VALUE="_DEFAULT_"/>
<Obs NAME="StatusCat96NK" LEVEL="_UNKNOWN_" TYPE="C" REPLACE_VALUE="_DEFAULT_"/>
<Obs NAME="StatusCatStarAll" LEVEL="_UNKNOWN_" TYPE="N" REPLACE_VALUE="_DEFAULT_"/>
<Obs NAME="TargetB" LEVEL="_UNKNOWN_" TYPE="N" REPLACE_VALUE="_DEFAULT_"/>
</Data>
<Metadata>
<Variable NAME="Name" LABEL="Variable" LENGTH="32" FORMAT="" TYPE="C"/>
<Variable NAME="LEVEL" LABEL="Formatted Value" LENGTH="12" FORMAT="" TYPE="C"/>
<Variable NAME="TYPE" LABEL="Type" LENGTH="1" FORMAT="" TYPE="C"/>
<Variable NAME="REPLACE_VALUE" LABEL="Replacement Value" LENGTH="200" FORMAT="" TYPE="C"/>
</Metadata>
</NEWVALUES>
<EMNOTES Type="EXTERNAL" Extension="txt">
<Data/>
</EMNOTES>
</EmFileProperties>
</PROPERTIES>
</NODE>
<NODE CLASS="SASHELP.EMCORE.EXTENSION.CLASS" COMPONENT="Replace" ID="Repl2" X="681" Y="301" DESCRIPTION="Replacement  (2)" DIAGRAMID="_ROOT_" PARENTID="" TOOLTYPE="MODIFY" TOOLPREFIX="Repl">
<PROPERTIES Location="CATALOG" Catalog="SASHELP.EMMDFY.REPLACE.SOURCE" HideVariable="N" UnknownLevel="NONE" ReplaceMethod="COMPUTED" CalcMethod="NONE" MADSCutoff="9.0" SpacingsCutoff="9.0" StddevCutoff="3.0" PercentsCutoff="0.5" CountReport="Y" ForceRun="N" RunAction="Train" Component="Replace" IntervalMethod="NONE" DataNeeded="Y">
<VariableProperties/>
<EmVariableAttributes/>
<EmTargetAttributes/>
<EmFileProperties>
<USERTRAINCODE Type="EXTERNAL" Extension="sas">
<Data/>
</USERTRAINCODE>
<NEWVALUES Type="DATA">
<Data>
<Obs NAME="DemCluster" LEVEL="_UNKNOWN_" TYPE="C" REPLACE_VALUE="_DEFAULT_"/>
<Obs NAME="DemGender" LEVEL="_UNKNOWN_" TYPE="C" REPLACE_VALUE="_DEFAULT_"/>
<Obs NAME="DemHomeOwner" LEVEL="_UNKNOWN_" TYPE="C" REPLACE_VALUE="_DEFAULT_"/>
<Obs NAME="StatusCat96NK" LEVEL="A" TYPE="C" REPLACE_VALUE="A"/>
<Obs NAME="StatusCat96NK" LEVEL="S" TYPE="C" REPLACE_VALUE="A"/>
<Obs NAME="StatusCat96NK" LEVEL="F" TYPE="C" REPLACE_VALUE="N"/>
<Obs NAME="StatusCat96NK" LEVEL="N" TYPE="C" REPLACE_VALUE="N"/>
<Obs NAME="StatusCat96NK" LEVEL="E" TYPE="C" REPLACE_VALUE="L"/>
<Obs NAME="StatusCat96NK" LEVEL="L" TYPE="C" REPLACE_VALUE="L"/>
<Obs NAME="StatusCat96NK" LEVEL="_UNKNOWN_" TYPE="C" REPLACE_VALUE="_DEFAULT_"/>
<Obs NAME="StatusCatStarAll" LEVEL="_UNKNOWN_" TYPE="N" REPLACE_VALUE="_DEFAULT_"/>
<Obs NAME="TargetB" LEVEL="_UNKNOWN_" TYPE="N" REPLACE_VALUE="_DEFAULT_"/>
</Data>
<Metadata>
<Variable NAME="Name" LABEL="Variable" LENGTH="32" FORMAT="" TYPE="C"/>
<Variable NAME="LEVEL" LABEL="Formatted Value" LENGTH="12" FORMAT="" TYPE="C"/>
<Variable NAME="TYPE" LABEL="Type" LENGTH="1" FORMAT="" TYPE="C"/>
<Variable NAME="REPLACE_VALUE" LABEL="Replacement Value" LENGTH="200" FORMAT="" TYPE="C"/>
</Metadata>
</NEWVALUES>
<EMNOTES Type="EXTERNAL" Extension="txt">
<Data/>
</EMNOTES>
</EmFileProperties>
</PROPERTIES>
</NODE>
<NODE CLASS="SASHELP.EMMDFY.EMTRANS.CLASS" COMPONENT="Transform" ID="Trans" X="477" Y="300" DESCRIPTION="Trans" DIAGRAMID="_ROOT_" PARENTID="" TOOLTYPE="MODIFY" TOOLPREFIX="Trans">
<PROPERTIES DefaultMethod="NONE" DefaultTargetMethod="NONE" DefaultClassMethod="NONE" DefaultClassTargetMethod="NONE" Offset="1" MinOffset="Y" HideVariable="Y" RejectVariable="Y" GroupCutoff="0.1" GroupMissing="N" EmRandomSeed="12345" EmSampleSize="DEFAULT" EmSampleMethod="FIRSTN" MissingValue="USEINSEARCH" SummaryVariables="TRANSFORMED" SummaryStatistics="Y" UseMetaTransform="Y" MissingAsLevel="N" NumberofBins="VARIABLES" MaxOptimalBins="4" ForceRun="N" RunAction="Train" Component="Transform">
<VariableProperties/>
<EmVariableAttributes>
<DELTA Variable="GiftAvg36" AttributeName="METHOD" AttributeValue="LOG"/>
<DELTA Variable="GiftAvgAll" AttributeName="METHOD" AttributeValue="LOG"/>
<DELTA Variable="GiftAvgCard36" AttributeName="METHOD" AttributeValue="LOG"/>
<DELTA Variable="GiftAvgLast" AttributeName="METHOD" AttributeValue="LOG"/>
<DELTA Variable="GiftCnt36" AttributeName="METHOD" AttributeValue="LOG"/>
<DELTA Variable="GiftCntAll" AttributeName="METHOD" AttributeValue="LOG"/>
<DELTA Variable="GiftCntCard36" AttributeName="METHOD" AttributeValue="LOG"/>
<DELTA Variable="GiftCntCardAll" AttributeName="METHOD" AttributeValue="LOG"/>
</EmVariableAttributes>
<EmTargetAttributes/>
<EmFileProperties>
<INTERACTION Type="DATA">
<Data/>
<Metadata/>
</INTERACTION>
<FORMULA Type="DATA">
<Data/>
<Metadata/>
</FORMULA>
<EMNOTES Type="EXTERNAL" Extension="txt">
<Data/>
</EMNOTES>
</EmFileProperties>
</PROPERTIES>
</NODE>
<NODE CLASS="SASHELP.EMCORE.EXTENSION.CLASS" COMPONENT="DecisionTree" ID="Tree2" X="912" Y="66" DESCRIPTION="Misclassification Tree" DIAGRAMID="_ROOT_" PARENTID="" TOOLTYPE="MODEL" TOOLPREFIX="Tree">
<PROPERTIES Location="CATALOG" Catalog="SASHELP.EMMODL.TREE.SOURCE" ToolType="MODEL" TrainMode="BATCH" ImportModel="N" Freeze="N" UseMultipleTarget="N" Precision="4" IntervalCriterion="PROBF" NominalCriterion="PROBCHISQ" OrdinalCriterion="ENTROPY" SigLevel="0.2" Splitsize="." LeafSize="5" MinCatSize="5" Maxbranch="2" Maxdepth="6" Nrules="5" Nsurrs="0" MissingValue="USEINSEARCH" UseVarOnce="N" SplitPrecision="4" Subtree="ASSESSMENT" NSubtree="1" AssessMeasure="PROFIT/LOSS" AssessPercentage="0.25" NodeSample="20000" Exhaustive="5000" Kass="Y" KassApply="BEFORE" Depth="Y" Inputs="N" NumInputs="1" VarSelection="Y" Leafid="Y" NodeRole="SEGMENT" Performance="DISK" CV="N" CVNIter="10" CVRepeat="1" CVSeed="12345" ObsImportance="N" NumSingleImp="5" UseDecision="N" UsePriors="N" ClassColorBy="PERCENTCORRECT" IntColorBy="AVG" ShowNodeId="Y" ShowValid="Y" Pred="N" Target="ALL" Count="Y" ProfitLoss="NONE" PercentCorrect="N" AVG="Y" RASE="N" CreateSample="DEFAULT" SampleMethod="RANDOM" SampleSize="10000" SampleSeed="12345" ForceRun="N" RunAction="Train" Component="DecisionTree" Criterion="DEFAULT" Dummy="N" Predict="Y" ImportedTreeData="">
<VariableProperties/>
<EmVariableAttributes/>
<EmTargetAttributes>
<TargetB>
<DecData Table="EMWS2.Tree2_TargetB_DD">
<Data>
<Obs TARGETB="1" COUNT="2421" DATAPRIOR="0.4998967582" TRAINPRIOR="0.4998967582" DECPRIOR="." DECISION1="1" DECISION2="0"/>
<Obs TARGETB="0" COUNT="2422" DATAPRIOR="0.5001032418" TRAINPRIOR="0.5001032418" DECPRIOR="." DECISION1="0" DECISION2="1"/>
</Data>
<Metadata>
<Variable NAME="TargetB" LABEL="" LENGTH="32" FORMAT="" TYPE="C"/>
<Variable NAME="COUNT" LABEL="Level Counts" LENGTH="8" FORMAT="" TYPE="N"/>
<Variable NAME="DATAPRIOR" LABEL="Data Proportions" LENGTH="8" FORMAT="" TYPE="N"/>
<Variable NAME="TRAINPRIOR" LABEL="Training Proportions" LENGTH="8" FORMAT="" TYPE="N"/>
<Variable NAME="DECPRIOR" LABEL="Decision Priors" LENGTH="8" FORMAT="" TYPE="N"/>
<Variable NAME="DECISION1" LABEL="1" LENGTH="8" FORMAT="" TYPE="N"/>
<Variable NAME="DECISION2" LABEL="0" LENGTH="8" FORMAT="" TYPE="N"/>
</Metadata>
</DecData>
<DecMeta Table="EMWS2.Tree2_TargetB_DM">
<Data>
<Obs _TYPE_="MATRIX" VARIABLE="" LABEL="" LEVEL="PROFIT" EVENT="" ORDER="" FORMAT="" TYPE="" COST="" USE="N"/>
<Obs _TYPE_="TARGET" VARIABLE="TargetB" LABEL="Target Gift Flag" LEVEL="BINARY" EVENT="1" ORDER="" FORMAT="" TYPE="N" COST="" USE=""/>
<Obs _TYPE_="DECISION" VARIABLE="DECISION1" LABEL="1" LEVEL="" EVENT="" ORDER="" FORMAT="" TYPE="N" COST="" USE="Y"/>
<Obs _TYPE_="DECISION" VARIABLE="DECISION2" LABEL="0" LEVEL="" EVENT="" ORDER="" FORMAT="" TYPE="N" COST="" USE="Y"/>
<Obs _TYPE_="DATAPRIOR" VARIABLE="DATAPRIOR" LABEL="Data Prior" LEVEL="" EVENT="" ORDER="" FORMAT="" TYPE="N" COST="" USE="N"/>
<Obs _TYPE_="TRAINPRIOR" VARIABLE="TRAINPRIOR" LABEL="Training Prior" LEVEL="" EVENT="" ORDER="" FORMAT="" TYPE="N" COST="" USE="N"/>
<Obs _TYPE_="DECPRIOR" VARIABLE="DECPRIOR" LABEL="Decision Prior" LEVEL="" EVENT="" ORDER="" FORMAT="" TYPE="N" COST="" USE="N"/>
<Obs _TYPE_="PREDICTED" VARIABLE="P_TargetB1" LABEL="Predicted: TargetB=1" LEVEL="1" EVENT="" ORDER="" FORMAT="" TYPE="N" COST="" USE=""/>
<Obs _TYPE_="RESIDUAL" VARIABLE="R_TargetB1" LABEL="Residual: TargetB=1" LEVEL="1" EVENT="" ORDER="" FORMAT="" TYPE="N" COST="" USE=""/>
<Obs _TYPE_="PREDICTED" VARIABLE="P_TargetB0" LABEL="Predicted: TargetB=0" LEVEL="0" EVENT="" ORDER="" FORMAT="" TYPE="N" COST="" USE=""/>
<Obs _TYPE_="RESIDUAL" VARIABLE="R_TargetB0" LABEL="Residual: TargetB=0" LEVEL="0" EVENT="" ORDER="" FORMAT="" TYPE="N" COST="" USE=""/>
<Obs _TYPE_="FROM" VARIABLE="F_TargetB" LABEL="From: TargetB" LEVEL="" EVENT="" ORDER="" FORMAT="" TYPE="C" COST="" USE=""/>
<Obs _TYPE_="INTO" VARIABLE="I_TargetB" LABEL="Into: TargetB" LEVEL="" EVENT="" ORDER="" FORMAT="" TYPE="C" COST="" USE=""/>
</Data>
<Metadata>
<Variable NAME="_TYPE_" LABEL="Type" LENGTH="32" FORMAT="" TYPE="C"/>
<Variable NAME="VARIABLE" LABEL="Variable" LENGTH="32" FORMAT="" TYPE="C"/>
<Variable NAME="LABEL" LABEL="Label" LENGTH="256" FORMAT="" TYPE="C"/>
<Variable NAME="LEVEL" LABEL="Measurement Level" LENGTH="32" FORMAT="" TYPE="C"/>
<Variable NAME="EVENT" LABEL="Target Event" LENGTH="32" FORMAT="" TYPE="C"/>
<Variable NAME="ORDER" LABEL="Order" LENGTH="10" FORMAT="" TYPE="C"/>
<Variable NAME="FORMAT" LABEL="Format" LENGTH="32" FORMAT="" TYPE="C"/>
<Variable NAME="TYPE" LABEL="Type" LENGTH="1" FORMAT="" TYPE="C"/>
<Variable NAME="COST" LABEL="Cost" LENGTH="32" FORMAT="" TYPE="C"/>
<Variable NAME="USE" LABEL="Use" LENGTH="1" FORMAT="" TYPE="C"/>
</Metadata>
</DecMeta>
</TargetB>
</EmTargetAttributes>
<EmFileProperties>
<USERTRAINCODE Type="EXTERNAL" Extension="sas">
<Data/>
</USERTRAINCODE>
<EMNOTES Type="EXTERNAL" Extension="txt">
<Data/>
</EMNOTES>
</EmFileProperties>
</PROPERTIES>
</NODE>
<NODE CLASS="SASHELP.EMCORE.EXTENSION.CLASS" COMPONENT="DecisionTree" ID="Tree3" X="922" Y="149" DESCRIPTION="Probability Tree" DIAGRAMID="_ROOT_" PARENTID="" TOOLTYPE="MODEL" TOOLPREFIX="Tree">
<PROPERTIES Location="CATALOG" Catalog="SASHELP.EMMODL.TREE.SOURCE" ToolType="MODEL" TrainMode="BATCH" ImportModel="N" Freeze="N" UseMultipleTarget="N" Precision="4" IntervalCriterion="PROBF" NominalCriterion="PROBCHISQ" OrdinalCriterion="ENTROPY" SigLevel="0.2" Splitsize="." LeafSize="5" MinCatSize="5" Maxbranch="2" Maxdepth="6" Nrules="5" Nsurrs="0" MissingValue="USEINSEARCH" UseVarOnce="N" SplitPrecision="4" Subtree="ASSESSMENT" NSubtree="1" AssessMeasure="ASE" AssessPercentage="0.25" NodeSample="20000" Exhaustive="5000" Kass="Y" KassApply="BEFORE" Depth="Y" Inputs="N" NumInputs="1" VarSelection="Y" Leafid="Y" NodeRole="SEGMENT" Performance="DISK" CV="N" CVNIter="10" CVRepeat="1" CVSeed="12345" ObsImportance="N" NumSingleImp="5" UseDecision="N" UsePriors="N" ClassColorBy="PERCENTCORRECT" IntColorBy="AVG" ShowNodeId="Y" ShowValid="Y" Pred="N" Target="ALL" Count="Y" ProfitLoss="NONE" PercentCorrect="N" AVG="Y" RASE="N" CreateSample="DEFAULT" SampleMethod="RANDOM" SampleSize="10000" SampleSeed="12345" ForceRun="N" RunAction="Train" Component="DecisionTree" Criterion="DEFAULT" Dummy="N" Predict="Y" ImportedTreeData="">
<VariableProperties/>
<EmVariableAttributes/>
<EmTargetAttributes>
<TargetB>
<DecData Table="EMWS2.Tree3_TargetB_DD">
<Data>
<Obs TARGETB="1" COUNT="2421" DATAPRIOR="0.4998967582" TRAINPRIOR="0.4998967582" DECPRIOR="." DECISION1="1" DECISION2="0"/>
<Obs TARGETB="0" COUNT="2422" DATAPRIOR="0.5001032418" TRAINPRIOR="0.5001032418" DECPRIOR="." DECISION1="0" DECISION2="1"/>
</Data>
<Metadata>
<Variable NAME="TargetB" LABEL="" LENGTH="32" FORMAT="" TYPE="C"/>
<Variable NAME="COUNT" LABEL="Level Counts" LENGTH="8" FORMAT="" TYPE="N"/>
<Variable NAME="DATAPRIOR" LABEL="Data Proportions" LENGTH="8" FORMAT="" TYPE="N"/>
<Variable NAME="TRAINPRIOR" LABEL="Training Proportions" LENGTH="8" FORMAT="" TYPE="N"/>
<Variable NAME="DECPRIOR" LABEL="Decision Priors" LENGTH="8" FORMAT="" TYPE="N"/>
<Variable NAME="DECISION1" LABEL="1" LENGTH="8" FORMAT="" TYPE="N"/>
<Variable NAME="DECISION2" LABEL="0" LENGTH="8" FORMAT="" TYPE="N"/>
</Metadata>
</DecData>
<DecMeta Table="EMWS2.Tree3_TargetB_DM">
<Data>
<Obs _TYPE_="MATRIX" VARIABLE="" LABEL="" LEVEL="PROFIT" EVENT="" ORDER="" FORMAT="" TYPE="" COST="" USE="N"/>
<Obs _TYPE_="TARGET" VARIABLE="TargetB" LABEL="Target Gift Flag" LEVEL="BINARY" EVENT="1" ORDER="" FORMAT="" TYPE="N" COST="" USE=""/>
<Obs _TYPE_="DECISION" VARIABLE="DECISION1" LABEL="1" LEVEL="" EVENT="" ORDER="" FORMAT="" TYPE="N" COST="" USE="Y"/>
<Obs _TYPE_="DECISION" VARIABLE="DECISION2" LABEL="0" LEVEL="" EVENT="" ORDER="" FORMAT="" TYPE="N" COST="" USE="Y"/>
<Obs _TYPE_="DATAPRIOR" VARIABLE="DATAPRIOR" LABEL="Data Prior" LEVEL="" EVENT="" ORDER="" FORMAT="" TYPE="N" COST="" USE="N"/>
<Obs _TYPE_="TRAINPRIOR" VARIABLE="TRAINPRIOR" LABEL="Training Prior" LEVEL="" EVENT="" ORDER="" FORMAT="" TYPE="N" COST="" USE="N"/>
<Obs _TYPE_="DECPRIOR" VARIABLE="DECPRIOR" LABEL="Decision Prior" LEVEL="" EVENT="" ORDER="" FORMAT="" TYPE="N" COST="" USE="N"/>
<Obs _TYPE_="PREDICTED" VARIABLE="P_TargetB1" LABEL="Predicted: TargetB=1" LEVEL="1" EVENT="" ORDER="" FORMAT="" TYPE="N" COST="" USE=""/>
<Obs _TYPE_="RESIDUAL" VARIABLE="R_TargetB1" LABEL="Residual: TargetB=1" LEVEL="1" EVENT="" ORDER="" FORMAT="" TYPE="N" COST="" USE=""/>
<Obs _TYPE_="PREDICTED" VARIABLE="P_TargetB0" LABEL="Predicted: TargetB=0" LEVEL="0" EVENT="" ORDER="" FORMAT="" TYPE="N" COST="" USE=""/>
<Obs _TYPE_="RESIDUAL" VARIABLE="R_TargetB0" LABEL="Residual: TargetB=0" LEVEL="0" EVENT="" ORDER="" FORMAT="" TYPE="N" COST="" USE=""/>
<Obs _TYPE_="FROM" VARIABLE="F_TargetB" LABEL="From: TargetB" LEVEL="" EVENT="" ORDER="" FORMAT="" TYPE="C" COST="" USE=""/>
<Obs _TYPE_="INTO" VARIABLE="I_TargetB" LABEL="Into: TargetB" LEVEL="" EVENT="" ORDER="" FORMAT="" TYPE="C" COST="" USE=""/>
</Data>
<Metadata>
<Variable NAME="_TYPE_" LABEL="Type" LENGTH="32" FORMAT="" TYPE="C"/>
<Variable NAME="VARIABLE" LABEL="Variable" LENGTH="32" FORMAT="" TYPE="C"/>
<Variable NAME="LABEL" LABEL="Label" LENGTH="256" FORMAT="" TYPE="C"/>
<Variable NAME="LEVEL" LABEL="Measurement Level" LENGTH="32" FORMAT="" TYPE="C"/>
<Variable NAME="EVENT" LABEL="Target Event" LENGTH="32" FORMAT="" TYPE="C"/>
<Variable NAME="ORDER" LABEL="Order" LENGTH="10" FORMAT="" TYPE="C"/>
<Variable NAME="FORMAT" LABEL="Format" LENGTH="32" FORMAT="" TYPE="C"/>
<Variable NAME="TYPE" LABEL="Type" LENGTH="1" FORMAT="" TYPE="C"/>
<Variable NAME="COST" LABEL="Cost" LENGTH="32" FORMAT="" TYPE="C"/>
<Variable NAME="USE" LABEL="Use" LENGTH="1" FORMAT="" TYPE="C"/>
</Metadata>
</DecMeta>
</TargetB>
</EmTargetAttributes>
<EmFileProperties>
<USERTRAINCODE Type="EXTERNAL" Extension="sas">
<Data/>
</USERTRAINCODE>
<EMNOTES Type="EXTERNAL" Extension="txt">
<Data/>
</EMNOTES>
</EmFileProperties>
</PROPERTIES>
</NODE>
</NODES>
<CONNECTIONS>
<CONNECTION FROM="Ids" TO="Meta"/>
<CONNECTION FROM="Meta" TO="Repl"/>
<CONNECTION FROM="Repl" TO="Part"/>
<CONNECTION FROM="Part" TO="Trans"/>
<CONNECTION FROM="Part" TO="Tree3"/>
<CONNECTION FROM="Part" TO="Tree2"/>
<CONNECTION FROM="Impt" TO="Neural"/>
<CONNECTION FROM="Impt" TO="Reg3"/>
<CONNECTION FROM="Impt" TO="Reg2"/>
<CONNECTION FROM="Impt" TO="Reg"/>
<CONNECTION FROM="Trans" TO="Repl2"/>
<CONNECTION FROM="Repl2" TO="Impt"/>
<CONNECTION FROM="Reg3" TO="Neural2"/>
<CONNECTION FROM="Reg3" TO="Neural3"/>
<CONNECTION FROM="Reg3" TO="AutoNeural"/>
<CONNECTION FROM="Reg3" TO="Neural4"/>
<CONNECTION FROM="Tree3" TO="MdlComp"/>
<CONNECTION FROM="Reg3" TO="MdlComp"/>
<CONNECTION FROM="Tree2" TO="MdlComp"/>
<CONNECTION FROM="Neural3" TO="MdlComp"/>
</CONNECTIONS>
<NOTES>
<DATA><![CDATA[

]]>
</DATA>
</NOTES>
</Workspace>
</_ROOT_>
